-- phpMyAdmin SQL Dump
-- version 4.9.0.1
-- https://www.phpmyadmin.net/
--
-- Host: 127.0.0.1
-- Generation Time: Mar 01, 2022 at 07:59 PM
-- Server version: 10.4.6-MariaDB
-- PHP Version: 7.3.8

SET SQL_MODE = "NO_AUTO_VALUE_ON_ZERO";
SET AUTOCOMMIT = 0;
START TRANSACTION;
SET time_zone = "+00:00";


/*!40101 SET @OLD_CHARACTER_SET_CLIENT=@@CHARACTER_SET_CLIENT */;
/*!40101 SET @OLD_CHARACTER_SET_RESULTS=@@CHARACTER_SET_RESULTS */;
/*!40101 SET @OLD_COLLATION_CONNECTION=@@COLLATION_CONNECTION */;
/*!40101 SET NAMES utf8mb4 */;

--
-- Database: `dbp`
--

-- --------------------------------------------------------

--
-- Table structure for table `angkatan`
--

CREATE TABLE `angkatan` (
  `id_angkatan` int(11) NOT NULL,
  `tahun_angkatan` varchar(5) DEFAULT NULL
) ENGINE=InnoDB DEFAULT CHARSET=latin1;

--
-- Dumping data for table `angkatan`
--

INSERT INTO `angkatan` (`id_angkatan`, `tahun_angkatan`) VALUES
(1, '2015'),
(2, '2016'),
(3, '2017'),
(5, '2018'),
(6, '2019'),
(7, '2020'),
(8, '2021'),
(9, '2022');

-- --------------------------------------------------------

--
-- Table structure for table `detail_profil_lulusan`
--

CREATE TABLE `detail_profil_lulusan` (
  `id_detail_profil` int(11) NOT NULL,
  `detail_kode_profil` varchar(10) NOT NULL,
  `detail_kode_matakuliah` varchar(10) NOT NULL
) ENGINE=InnoDB DEFAULT CHARSET=latin1;

--
-- Dumping data for table `detail_profil_lulusan`
--

INSERT INTO `detail_profil_lulusan` (`id_detail_profil`, `detail_kode_profil`, `detail_kode_matakuliah`) VALUES
(1, 'PL01', 'CE 2103'),
(2, 'PL01', 'CE 3101'),
(3, 'PL01', 'CE 4101'),
(4, 'PL01', 'CE 4102'),
(5, 'PL01', 'CE 4103'),
(6, 'PL01', 'CE 2201'),
(7, 'PL01', 'CE 2202'),
(8, 'PL01', 'CE 3201'),
(9, 'PL01', 'CE 3202'),
(10, 'PL01', 'CE 4202'),
(11, 'PL01', 'CE 4204'),
(12, 'PL01', 'CE 4205'),
(13, 'PL01', 'CE 2301'),
(14, 'PL01', 'CE 3302'),
(15, 'PL01', 'CE 3303'),
(16, 'PL01', 'CE 3304'),
(17, 'PL01', 'CE 3305'),
(18, 'PL01', 'CE 4301'),
(19, 'PL01', 'CE 4302'),
(20, 'PL01', 'CE 4305'),
(21, 'PL01', 'CE 3401'),
(22, 'PL01', 'CE 3403'),
(23, 'PL01', 'CE 3404'),
(24, 'PL01', 'CE 4401'),
(25, 'PL01', 'CE 4402'),
(26, 'PL01', 'CE 4403'),
(27, 'PL01', 'CE 4404'),
(28, 'PL01', 'CE 4405'),
(29, 'PL01', 'CE 3501'),
(30, 'PL01', 'CE 4502'),
(31, 'PL01', 'CE 4504'),
(32, 'PL02', 'CE 2103'),
(33, 'PL02', 'CE 3101'),
(34, 'PL02', 'CE 4101'),
(35, 'PL02', 'CE 4102'),
(36, 'PL02', 'CE 4103'),
(37, 'PL02', 'CE 2201'),
(38, 'PL02', 'CE 2202'),
(39, 'PL02', 'CE 3201'),
(40, 'PL02', 'CE 3202'),
(41, 'PL02', 'CE 4202'),
(42, 'PL02', 'CE 4204'),
(43, 'PL02', 'CE 4205'),
(44, 'PL02', 'CE 2301'),
(45, 'PL02', 'CE 3303'),
(46, 'PL02', 'CE 3304'),
(47, 'PL02', 'CE 3305'),
(48, 'PL02', 'CE 4301'),
(49, 'PL02', 'CE 4305'),
(50, 'PL02', 'CE 3401'),
(51, 'PL02', 'CE 3403'),
(52, 'PL02', 'CE 3404'),
(53, 'PL02', 'CE 4401'),
(54, 'PL02', 'CE 4402'),
(55, 'PL02', 'CE 4403'),
(56, 'PL02', 'CE 4404'),
(57, 'PL02', 'CE 4405'),
(58, 'PL02', 'CE 4406'),
(59, 'PL02', 'CE 3501'),
(60, 'PL02', 'CE 4502'),
(61, 'PL02', 'CE 4503'),
(62, 'PL02', 'CE 4504'),
(63, 'PL03', 'CE 2103'),
(64, 'PL03', 'CE 3101'),
(65, 'PL03', 'CE 4101'),
(66, 'PL03', 'CE 4102'),
(67, 'PL03', 'CE 4103'),
(68, 'PL03', 'CE 2201'),
(69, 'PL03', 'CE 2202'),
(70, 'PL03', 'CE 3201'),
(71, 'PL03', 'CE 3202'),
(72, 'PL03', 'CE 3204'),
(73, 'PL03', 'CE 4201'),
(74, 'PL03', 'CE 4202'),
(75, 'PL03', 'CE 4203'),
(76, 'PL03', 'CE 4204'),
(77, 'PL03', 'CE 4205'),
(78, 'PL03', 'CE 2301'),
(79, 'PL03', 'CE 3303'),
(80, 'PL03', 'CE 3304'),
(81, 'PL03', 'CE 3305'),
(82, 'PL03', 'CE 4301'),
(83, 'PL03', 'CE 4304'),
(84, 'PL03', 'CE 4305'),
(85, 'PL03', 'CE 3403'),
(86, 'PL03', 'CE 3404'),
(87, 'PL03', 'CE 4401'),
(88, 'PL03', 'CE 4402'),
(89, 'PL03', 'CE 4403'),
(90, 'PL03', 'CE 4404'),
(91, 'PL03', 'CE 4406'),
(92, 'PL03', 'CE 4504'),
(93, 'PL03', 'CE 4505'),
(94, 'PL03', 'CE 2501'),
(95, 'PL04', 'CE 2103'),
(96, 'PL04', 'CE 3101'),
(97, 'PL04', 'CE 4101'),
(98, 'PL04', 'CE 4102'),
(99, 'PL04', 'CE 4103'),
(100, 'PL04', 'CE 2201'),
(101, 'PL04', 'CE 2202'),
(102, 'PL04', 'CE 3201'),
(103, 'PL04', 'CE 3202'),
(104, 'PL04', 'CE 4202'),
(105, 'PL04', 'CE 4204'),
(106, 'PL04', 'CE 4205'),
(107, 'PL04', 'CE 2301'),
(108, 'PL04', 'CE 3303'),
(109, 'PL04', 'CE 3401'),
(110, 'PL04', 'CE 3404'),
(111, 'PL04', 'CE 4402'),
(112, 'PL04', 'CE 4405'),
(113, 'PL04', 'CE 4406'),
(114, 'PL04', 'CE 3501'),
(115, 'PL04', 'CE 4503'),
(116, 'PL04', 'CE 4505');

-- --------------------------------------------------------

--
-- Table structure for table `mahasiswa`
--

CREATE TABLE `mahasiswa` (
  `nim` varchar(10) NOT NULL,
  `nama_mahasiswa` varchar(100) DEFAULT NULL,
  `mahasiswa_kode_prodi` varchar(10) DEFAULT NULL,
  `mahasiswa_id_angkatan` int(11) DEFAULT NULL
) ENGINE=InnoDB DEFAULT CHARSET=latin1;

--
-- Dumping data for table `mahasiswa`
--

INSERT INTO `mahasiswa` (`nim`, `nama_mahasiswa`, `mahasiswa_kode_prodi`, `mahasiswa_id_angkatan`) VALUES
('1711082010', 'Rohmat', 'TRPL', 3),
('1711082014', 'Lathifah Hanum', 'TRPL', 3);

-- --------------------------------------------------------

--
-- Table structure for table `mahasiswa2`
--

CREATE TABLE `mahasiswa2` (
  `nim` varchar(10) NOT NULL,
  `nama_mahasiswa` varchar(100) NOT NULL,
  `mahasiswa_kode_prodi` varchar(10) NOT NULL,
  `mahasiswa_id_angkatan` int(11) NOT NULL,
  `prediksi_k13` varchar(50) DEFAULT NULL
) ENGINE=InnoDB DEFAULT CHARSET=latin1;

--
-- Dumping data for table `mahasiswa2`
--

INSERT INTO `mahasiswa2` (`nim`, `nama_mahasiswa`, `mahasiswa_kode_prodi`, `mahasiswa_id_angkatan`, `prediksi_k13`) VALUES
('1601081001', 'Vella Afruli Antika', 'TKom', 2, 'IT Support'),
('1601081002', 'Merliani', 'TKom', 2, 'IT Support'),
('1601081003', 'Muhammad Febrian', 'MI', 2, 'IT Support'),
('1601081009', 'Booby Kurniawan', 'TKom', 1, 'Computer Application Programmer'),
('1601081010', 'Muthia Apriliani', 'TRPL', 2, 'IT Support'),
('1601081018', 'Adhitya Gading Pramana Agus', 'TKom', 2, 'IT Support'),
('1601081019', 'Muhammad Rafi Ulwa Pratama', 'TKom', 2, 'Computer Application Programmer'),
('1601081021', 'Ridho Ilahi ', 'MI', 2, 'IT Support'),
('1601081025', 'Randa Audiva', 'TKom', 2, 'IT Support'),
('1601081026', 'Andika Budi Pratama', 'MI', 2, 'IT Support'),
('1601081027', 'Doni Mulya Fardiyansyah', 'TKom', 2, 'IT Support'),
('1601081028', 'Alfajri Maulana Ibrahim', 'MI', 2, 'IT Support'),
('1601081029', 'Anisa Zulita', 'TKom', 2, 'IT Support'),
('1601081032', 'Aulia Rahmi', 'MI', 2, 'IT Support'),
('1601081033', 'Rejek', 'TKom', 1, NULL),
('1601081037', 'Poppy Aristhia Verdhian', 'MI', 2, 'IT Support'),
('1601081041', 'Yudi', 'TRPL', 2, NULL),
('1601082005', 'Ainul Zikri', 'TKom', 2, 'IT Support'),
('1601082006', 'Daniel Alfis', 'TKom', 2, 'IT Support'),
('1601082009', 'Kenjiro Nalil Huda', 'TKom', 2, 'IT Support'),
('1601082015', 'Retno Novrifa Putri', 'TRPL', 2, 'IT Support'),
('1601082017', 'Yani Novia', 'TRPL', 2, 'IT Support'),
('1601082018', 'Viola Ventika', 'TKom', 1, 'IT Support'),
('1601082020', 'Della Dwi Amanda R', 'TRPL', 2, 'IT Support'),
('1601082021', 'Shanks', 'TKom', 3, 'IT Support'),
('1701081001', 'Elfiza', 'TKom', 3, 'IT Support'),
('1701081003', 'Ilham Hidayat', 'TKom', 3, 'IT Support'),
('1701081004', 'Nanda Fernando', 'TKom', 3, 'Computer Application Programmer'),
('1701081010', 'Roberto Firman', 'TKom', 3, 'IT Support'),
('1701081011', 'Peggy Pratama', 'TKom', 3, 'IT Support'),
('1701081013', 'Sistri Indah Purnama', 'TKom', 3, 'Computer Application Programmer'),
('1701081016', 'Nailil Fatmi', 'TKom', 3, 'IT Support'),
('1701081024', 'Athirah Ayu Toisuta', 'TKom', 3, 'IT Support'),
('1701081025', 'Dandi Adila Putra', 'TKom', 3, 'IT Support'),
('1701081026', 'Shavira Triamanda', 'TKom', 3, 'IT Support'),
('1701081027', 'Syahrul Gusti Hafendi', 'TKom', 3, 'IT Support'),
('1701081028', 'Farid Fauzan', 'TKom', 3, 'IT Support'),
('1701081029', 'Deo Febrino Mudri', 'TKom', 3, 'IT Support'),
('1701081030', 'Fachru Ramadhan', 'TKom', 3, 'IT Support'),
('1701081033', 'Annisa Mutiathul Jannah', 'TKom', 3, 'IT Support'),
('1701081043', 'Petrus Kanisius Taplo Kaize', 'TKom', 3, 'IT Support'),
('1701082001', 'Khaira Aprinaldo Putra', 'TKom', 3, 'IT Support'),
('1701082002', 'Yandri Syanurdi', 'TKom', 3, 'IT Support'),
('1701082004', 'Hayatul Azian', 'TKom', 3, 'IT Support'),
('1701082005', 'Adityo Ferry', 'TKom', 3, 'IT Support'),
('1701082007', 'Rizky Revaldy', 'TKom', 3, 'IT Support'),
('1701082008', 'Ramadhoni Januardi Saputra', 'TKom', 3, 'IT Support'),
('1701082009', 'Bima Ardiansyah', 'TKom', 3, 'IT Support'),
('1701082010', 'Intan Putri Johan', 'TKom', 3, 'IT Support'),
('1701082011', 'Hanifan Abdul Zikri', 'TKom', 3, 'Computer Application Programmer'),
('1711082014', 'Lathifah Hanum', 'TRPL', 1, NULL);

-- --------------------------------------------------------

--
-- Table structure for table `mahasiswa_predict`
--

CREATE TABLE `mahasiswa_predict` (
  `id` int(11) NOT NULL,
  `id_nim` varchar(10) NOT NULL,
  `nama_mahasiswa` varchar(100) NOT NULL,
  `tahun_angkatan` int(11) NOT NULL,
  `XC1` float NOT NULL,
  `XC2` float NOT NULL,
  `XC3` float NOT NULL,
  `XC4` float NOT NULL,
  `K13` varchar(50) DEFAULT NULL,
  `created_at` datetime DEFAULT NULL,
  `updated_at` datetime DEFAULT NULL
) ENGINE=InnoDB DEFAULT CHARSET=utf8;

--
-- Dumping data for table `mahasiswa_predict`
--

INSERT INTO `mahasiswa_predict` (`id`, `id_nim`, `nama_mahasiswa`, `tahun_angkatan`, `XC1`, `XC2`, `XC3`, `XC4`, `K13`, `created_at`, `updated_at`) VALUES
(1, '1701082010', 'Khusen', 0, 3.4, 3.6, 4, 3, 'IT Support', '2022-02-26 08:55:05', '2022-02-26 08:55:05'),
(2, '1701082011', 'Pakung', 0, 2.5, 3, 3.3, 3.1, 'Computer Application Programmer', '2022-02-26 08:55:05', '2022-02-26 08:55:05'),
(3, '1701082028', 'Noverly Nurvy Sya\'ban', 0, 2.9375, 3.04839, 3.07031, 3.07955, NULL, NULL, NULL),
(4, '1701082029', 'Merina Savitri', 0, 2.92969, 3.03226, 3.04688, 2.94318, NULL, NULL, NULL),
(5, '1701082030', 'Heru Samudera', 0, 2.94531, 3.04032, 3.08594, 2.94318, NULL, NULL, NULL),
(6, '1701082031', 'Ananda Kharisma', 0, 2.89062, 3.00806, 2.96875, 2.93182, NULL, NULL, NULL),
(7, '1701082032', 'Fajar Setyawan', 0, 2.94531, 3.1129, 3.00781, 3.07955, NULL, NULL, NULL),
(8, '1701082033', 'Rafly Surya Chandra', 0, 2.9375, 3.05645, 3.02344, 3.01136, NULL, NULL, NULL),
(9, '1701082034', 'Chyntia Frandini', 0, 2.71094, 2.85484, 2.77344, 2.84091, NULL, NULL, NULL),
(10, '1701082035', 'Afsri Ramayani', 0, 2.77344, 2.85484, 2.89062, 2.875, NULL, NULL, NULL),
(11, '1701082036', 'Adella Defitri', 0, 3.125, 3.21774, 3.1875, 3.06818, NULL, NULL, NULL),
(12, '1701082038', 'Hafriyaldo Syafril', 0, 2.98438, 3.10484, 3.14062, 3.02273, NULL, NULL, NULL);

-- --------------------------------------------------------

--
-- Table structure for table `matakuliah`
--

CREATE TABLE `matakuliah` (
  `kode_matakuliah` varchar(10) NOT NULL,
  `matakuliah` varchar(100) DEFAULT NULL,
  `matakuliah_kode_prodi` varchar(10) DEFAULT NULL
) ENGINE=InnoDB DEFAULT CHARSET=latin1;

--
-- Dumping data for table `matakuliah`
--

INSERT INTO `matakuliah` (`kode_matakuliah`, `matakuliah`, `matakuliah_kode_prodi`) VALUES
('CE 2103', 'Matematika', 'TKom'),
('CE 3101', 'Algoritma dan Pemrograman Dasar', 'TKom');

-- --------------------------------------------------------

--
-- Table structure for table `matakuliah2`
--

CREATE TABLE `matakuliah2` (
  `kode_matakuliah` varchar(10) NOT NULL,
  `matakuliah` varchar(100) NOT NULL,
  `matakuliah_kode_prodi` varchar(10) NOT NULL
) ENGINE=InnoDB DEFAULT CHARSET=latin1;

--
-- Dumping data for table `matakuliah2`
--

INSERT INTO `matakuliah2` (`kode_matakuliah`, `matakuliah`, `matakuliah_kode_prodi`) VALUES
('CE 2103', 'Matematika', 'TKom'),
('CE 2201', 'Sistem Digital', 'TKom'),
('CE 2202', 'Matematika Diskrit', 'TKom'),
('CE 2301', 'Probabilitas dan Statistika', 'TKom'),
('CE 2501', 'Manajemen Proyek', 'TKom'),
('CE 3101', 'Algoritma dan Pemrograman Dasar', 'TKom'),
('CE 3201', 'Algoritma dan Pemrograman Lanjut', 'TKom'),
('CE 3202', 'Jaringan Komputer Dasar', 'TKom'),
('CE 3204', 'Basis Data', 'TKom'),
('CE 3301', 'Sistem Operasi', 'TKom'),
('CE 3302', 'Konsep Routing', 'TKom'),
('CE 3303', 'Arsitektur Komputer', 'TKom'),
('CE 3304', 'Pemrograman Berorientasi Objek', 'TKom'),
('CE 3305', 'Teknologi Multimedia', 'TKom'),
('CE 3401', 'LAN Switching dan Nirkabel', 'TKom'),
('CE 3402', 'Sitem Terdistribusi', 'TKom'),
('CE 3403', 'Keamanan Komputer dan Jaringan', 'TKom'),
('CE 3404', 'Komunikasi Data', 'TKom'),
('CE 3501', 'Teknologi WAN', 'TKom'),
('CE 4101', 'Praktek Aplikasi Komputer', 'TKom'),
('CE 4102', 'Praktek Pemrograman Dasar', 'TKom'),
('CE 4103', 'Praktek Elektronika Dasar', 'TKom'),
('CE 4201', 'Praktek Pemrograman Web 1', 'TKom'),
('CE 4202', 'Praktek Pemrograman Lanjut', 'TKom'),
('CE 4203', 'Praktek Basis Data', 'TKom'),
('CE 4204', 'Praktek Instalasi Komputer', 'TKom'),
('CE 4205', 'Praktek Jaringan Komputer Dasar', 'TKom'),
('CE 4301', 'Praktek Pemrograman Beorientasi Objek', 'TKom'),
('CE 4302', 'Praktek Routing', 'TKom'),
('CE 4303', 'Praktek Sistem Operasi', 'TKom'),
('CE 4304', 'Praktek Pemrograman Web Lanjut', 'TKom'),
('CE 4305', 'Praktek Multimedia', 'TKom'),
('CE 4401', 'Praktek Pemrograman Client Server', 'TKom'),
('CE 4402', 'Praktek Mikroprosesor', 'TKom'),
('CE 4403', 'Praktek Multimedia Lanjut', 'TKom'),
('CE 4404', 'Praktek Administrasi Sistem', 'TKom'),
('CE 4405', 'Praktek Switching dan Nirkabel', 'TKom'),
('CE 4406', 'Praktek Pemrograman Mobile', 'TKom'),
('CE 4502', 'Praktek WAN', 'TKom'),
('CE 4503', 'Praktek Administrasi Jaringan', 'TKom'),
('CE 4504', 'Praktek Administrasi Server', 'TKom'),
('CE 4505', 'Praktek Pemerograman Mobile Lanjut', 'TKom');

-- --------------------------------------------------------

--
-- Table structure for table `migrations`
--

CREATE TABLE `migrations` (
  `id` bigint(20) UNSIGNED NOT NULL,
  `version` varchar(255) NOT NULL,
  `class` varchar(255) NOT NULL,
  `group` varchar(255) NOT NULL,
  `namespace` varchar(255) NOT NULL,
  `time` int(11) NOT NULL,
  `batch` int(11) UNSIGNED NOT NULL
) ENGINE=InnoDB DEFAULT CHARSET=utf8;

--
-- Dumping data for table `migrations`
--

INSERT INTO `migrations` (`id`, `version`, `class`, `group`, `namespace`, `time`, `batch`) VALUES
(8, '2022-02-25-134014', 'App\\Database\\Migrations\\Users', 'default', 'App', 1645861725, 1),
(9, '2022-02-26-073443', 'App\\Database\\Migrations\\Mahasiswapredict', 'default', 'App', 1645861813, 2);

-- --------------------------------------------------------

--
-- Table structure for table `nilai`
--

CREATE TABLE `nilai` (
  `id_nilai` int(11) NOT NULL,
  `nilai_nim` varchar(10) NOT NULL,
  `nilai_kode_matakuliah` varchar(10) NOT NULL,
  `nilai` float NOT NULL
) ENGINE=InnoDB DEFAULT CHARSET=latin1;

--
-- Dumping data for table `nilai`
--

INSERT INTO `nilai` (`id_nilai`, `nilai_nim`, `nilai_kode_matakuliah`, `nilai`) VALUES
(1, '1601081009', 'CE 2103', 2.5),
(2, '1601081009', 'CE 3101', 4),
(3, '1601081009', 'CE 4101', 4),
(4, '1601081009', 'CE 4102', 2.75),
(5, '1601081009', 'CE 4103', 3.75),
(6, '1601081009', 'CE 2201', 3),
(7, '1601081009', 'CE 2202', 3.5),
(8, '1601081009', 'CE 3201', 2.75),
(9, '1601081009', 'CE 3202', 4),
(10, '1601081009', 'CE 4202', 3.75),
(11, '1601081009', 'CE 4204', 3.5),
(12, '1601081009', 'CE 4205', 4),
(13, '1601081009', 'CE 2301', 3.5),
(14, '1601081009', 'CE 3302', 2.75),
(15, '1601081009', 'CE 3303', 3),
(16, '1601081009', 'CE 3304', 2.5),
(17, '1601081009', 'CE 3305', 2.5),
(18, '1601081009', 'CE 4301', 3.75),
(19, '1601081009', 'CE 4302', 3.5),
(20, '1601081009', 'CE 4305', 4),
(21, '1601081009', 'CE 3401', 4),
(22, '1601081009', 'CE 3403', 3.5),
(23, '1601081009', 'CE 3404', 4),
(24, '1601081009', 'CE 4402', 3.5),
(25, '1601081009', 'CE 4403', 2.5),
(26, '1601081009', 'CE 4404', 3),
(27, '1601081009', 'CE 4405', 2.75),
(28, '1601081009', 'CE 3501', 2.5),
(29, '1601081009', 'CE 4502', 3),
(30, '1601081009', 'CE 4504', 2.5);

-- --------------------------------------------------------

--
-- Table structure for table `nilai_mahasiswa`
--

CREATE TABLE `nilai_mahasiswa` (
  `id_nilai` int(11) NOT NULL,
  `nilai_nim` varchar(10) DEFAULT NULL,
  `nilai_kode_matakuliah` varchar(10) DEFAULT NULL,
  `nilai` float DEFAULT NULL
) ENGINE=InnoDB DEFAULT CHARSET=latin1;

--
-- Dumping data for table `nilai_mahasiswa`
--

INSERT INTO `nilai_mahasiswa` (`id_nilai`, `nilai_nim`, `nilai_kode_matakuliah`, `nilai`) VALUES
(2, '1601081002', 'CE 2103', 2),
(3, '1601081003', 'CE 2103', 1),
(4, '1601081009', 'CE 2103', 4),
(5, '1601081010', 'CE 2103', 2.5),
(6, '1601081018', 'CE 2103', 2),
(7, '1601081019', 'CE 2103', 4),
(8, '1601081021', 'CE 2103', 2),
(9, '1601081025', 'CE 2103', 1),
(10, '1601081026', 'CE 2103', 2),
(11, '1601081027', 'CE 2103', 3.75),
(12, '1601081028', 'CE 2103', 1),
(13, '1601081029', 'CE 2103', 2),
(14, '1601081032', 'CE 2103', 1.75),
(15, '1601081037', 'CE 2103', 2.75),
(16, '1601082005', 'CE 2103', 2.75),
(17, '1601082006', 'CE 2103', 2.75),
(18, '1601082009', 'CE 2103', 2.5),
(19, '1601082015', 'CE 2103', 3),
(20, '1601082017', 'CE 2103', 2.5),
(21, '1601082018', 'CE 2103', 3.5),
(22, '1601082020', 'CE 2103', 3.5),
(23, '1601081001', 'CE 2201', 3.4),
(24, '1601081002', 'CE 2201', 1.75),
(25, '1601081003', 'CE 2201', 2),
(26, '1601081009', 'CE 2201', 4),
(27, '1601081010', 'CE 2201', 2.5),
(28, '1601081018', 'CE 2201', 4),
(29, '1601081019', 'CE 2201', 4),
(30, '1601081021', 'CE 2201', 2),
(31, '1601081025', 'CE 2201', 1.75),
(32, '1601081026', 'CE 2201', 4),
(33, '1601081027', 'CE 2201', 4),
(34, '1601081028', 'CE 2201', 3),
(35, '1601081029', 'CE 2201', 2.5),
(36, '1601081032', 'CE 2201', 2),
(37, '1601081037', 'CE 2201', 2.5),
(38, '1601082005', 'CE 2201', 4),
(39, '1601082006', 'CE 2201', 3.75),
(40, '1601082009', 'CE 2201', 2.75),
(41, '1601082015', 'CE 2201', 2),
(42, '1601082017', 'CE 2201', 2.5),
(43, '1601082018', 'CE 2201', 2.5),
(44, '1601082020', 'CE 2201', 4),
(45, '1601081001', 'CE 2202', 2.75),
(46, '1601081002', 'CE 2202', 2.75),
(47, '1601081003', 'CE 2202', 2.75),
(48, '1601081009', 'CE 2202', 4),
(49, '1601081010', 'CE 2202', 2.5),
(50, '1601081018', 'CE 2202', 4),
(51, '1601081019', 'CE 2202', 4),
(52, '1601081021', 'CE 2202', 4),
(53, '1601081025', 'CE 2202', 2.5),
(54, '1601081026', 'CE 2202', 3.75),
(55, '1601081027', 'CE 2202', 4),
(56, '1601081028', 'CE 2202', 3),
(57, '1601081029', 'CE 2202', 2.75),
(58, '1601081032', 'CE 2202', 3),
(59, '1601081037', 'CE 2202', 2.75),
(60, '1601082005', 'CE 2202', 3.75),
(61, '1601082006', 'CE 2202', 4),
(62, '1601082009', 'CE 2202', 3),
(63, '1601082015', 'CE 2202', 2.5),
(64, '1601082017', 'CE 2202', 3.5),
(65, '1601082018', 'CE 2202', 3),
(66, '1601082020', 'CE 2202', 2.75),
(67, '1601081001', 'CE 2301', 3.5),
(68, '1601081002', 'CE 2301', 1.75),
(69, '1601081003', 'CE 2301', 2),
(70, '1601081009', 'CE 2301', 4),
(71, '1601081010', 'CE 2301', 3),
(72, '1601081018', 'CE 2301', 4),
(73, '1601081019', 'CE 2301', 4),
(74, '1601081021', 'CE 2301', 2.5),
(75, '1601081025', 'CE 2301', 1.75),
(76, '1601081026', 'CE 2301', 4),
(77, '1601081027', 'CE 2301', 4),
(78, '1601081028', 'CE 2301', 3),
(79, '1601081029', 'CE 2301', 1.75),
(80, '1601081032', 'CE 2301', 2),
(81, '1601081037', 'CE 2301', 2),
(82, '1601082005', 'CE 2301', 4),
(83, '1601082006', 'CE 2301', 4),
(84, '1601082009', 'CE 2301', 3.5),
(85, '1601082015', 'CE 2301', 1.75),
(86, '1601082017', 'CE 2301', 2),
(87, '1601082018', 'CE 2301', 3),
(88, '1601082020', 'CE 2301', 3.75),
(89, '1601081001', 'CE 2501', 3.5),
(90, '1601081002', 'CE 2501', 1.75),
(91, '1601081003', 'CE 2501', 2.5),
(92, '1601081009', 'CE 2501', 4),
(93, '1601081010', 'CE 2501', 3.75),
(94, '1601081018', 'CE 2501', 3.75),
(95, '1601081019', 'CE 2501', 3),
(96, '1601081021', 'CE 2501', 2.75),
(97, '1601081025', 'CE 2501', 2),
(98, '1601081026', 'CE 2501', 3.5),
(99, '1601081027', 'CE 2501', 3.75),
(100, '1601081028', 'CE 2501', 2.5),
(101, '1601081029', 'CE 2501', 2.5),
(102, '1601081032', 'CE 2501', 3),
(103, '1601081037', 'CE 2501', 3.75),
(104, '1601082005', 'CE 2501', 2.75),
(105, '1601082006', 'CE 2501', 3.5),
(106, '1601082009', 'CE 2501', 3.5),
(107, '1601082015', 'CE 2501', 3.5),
(108, '1601082017', 'CE 2501', 3),
(109, '1601082018', 'CE 2501', 3),
(110, '1601082020', 'CE 2501', 3.5),
(111, '1601081001', 'CE 3101', 3),
(112, '1601081002', 'CE 3101', 2),
(113, '1601081003', 'CE 3101', 2.5),
(114, '1601081009', 'CE 3101', 4),
(115, '1601081010', 'CE 3101', 2.75),
(116, '1601081018', 'CE 3101', 2.75),
(117, '1601081019', 'CE 3101', 2.75),
(118, '1601081021', 'CE 3101', 2.5),
(119, '1601081025', 'CE 3101', 2),
(120, '1601081026', 'CE 3101', 2.75),
(121, '1601081027', 'CE 3101', 3.5),
(122, '1601081028', 'CE 3101', 2.75),
(123, '1601081029', 'CE 3101', 2.5),
(124, '1601081032', 'CE 3101', 2.75),
(125, '1601081037', 'CE 3101', 2.5),
(126, '1601082005', 'CE 3101', 2),
(127, '1601082006', 'CE 3101', 2.75),
(128, '1601082009', 'CE 3101', 2),
(129, '1601082015', 'CE 3101', 2.75),
(130, '1601082017', 'CE 3101', 3.75),
(131, '1601082018', 'CE 3101', 2.75),
(132, '1601082020', 'CE 3101', 3.5),
(133, '1601081001', 'CE 3201', 3),
(134, '1601081002', 'CE 3201', 2.75),
(135, '1601081003', 'CE 3201', 2),
(136, '1601081009', 'CE 3201', 4),
(137, '1601081010', 'CE 3201', 4),
(138, '1601081018', 'CE 3201', 3.5),
(139, '1601081019', 'CE 3201', 3.75),
(140, '1601081021', 'CE 3201', 2.75),
(141, '1601081025', 'CE 3201', 1.75),
(142, '1601081026', 'CE 3201', 2.5),
(143, '1601081027', 'CE 3201', 2.75),
(144, '1601081028', 'CE 3201', 2.75),
(145, '1601081029', 'CE 3201', 2.5),
(146, '1601081032', 'CE 3201', 3),
(147, '1601081037', 'CE 3201', 4),
(148, '1601082005', 'CE 3201', 4),
(149, '1601082006', 'CE 3201', 1.75),
(150, '1601082009', 'CE 3201', 1.75),
(151, '1601082015', 'CE 3201', 3.75),
(152, '1601082017', 'CE 3201', 3.5),
(153, '1601082018', 'CE 3201', 4),
(154, '1601082020', 'CE 3201', 3),
(155, '1601081001', 'CE 3202', 2.75),
(156, '1601081002', 'CE 3202', 2),
(157, '1601081003', 'CE 3202', 1.75),
(158, '1601081009', 'CE 3202', 4),
(159, '1601081010', 'CE 3202', 3),
(160, '1601081018', 'CE 3202', 3),
(161, '1601081019', 'CE 3202', 4),
(162, '1601081021', 'CE 3202', 1.75),
(163, '1601081025', 'CE 3202', 1.75),
(164, '1601081026', 'CE 3202', 4),
(165, '1601081027', 'CE 3202', 4),
(166, '1601081028', 'CE 3202', 2.75),
(167, '1601081029', 'CE 3202', 1.75),
(168, '1601081032', 'CE 3202', 2),
(169, '1601081037', 'CE 3202', 2),
(170, '1601082005', 'CE 3202', 4),
(171, '1601082006', 'CE 3202', 2.75),
(172, '1601082009', 'CE 3202', 2),
(173, '1601082015', 'CE 3202', 1.75),
(174, '1601082017', 'CE 3202', 2.5),
(175, '1601082018', 'CE 3202', 2.75),
(176, '1601082020', 'CE 3202', 4),
(177, '1601081001', 'CE 3204', 2),
(178, '1601081002', 'CE 3204', 1),
(179, '1601081003', 'CE 3204', 2.75),
(180, '1601081009', 'CE 3204', 4),
(181, '1601081010', 'CE 3204', 2),
(182, '1601081018', 'CE 3204', 4),
(183, '1601081019', 'CE 3204', 3.75),
(184, '1601081021', 'CE 3204', 2),
(185, '1601081025', 'CE 3204', 2),
(186, '1601081026', 'CE 3204', 4),
(187, '1601081027', 'CE 3204', 4),
(188, '1601081028', 'CE 3204', 3.75),
(189, '1601081029', 'CE 3204', 2.75),
(190, '1601081032', 'CE 3204', 3.75),
(191, '1601081037', 'CE 3204', 2),
(192, '1601082005', 'CE 3204', 3.5),
(193, '1601082006', 'CE 3204', 3.5),
(194, '1601082009', 'CE 3204', 1.75),
(195, '1601082015', 'CE 3204', 2),
(196, '1601082017', 'CE 3204', 3),
(197, '1601082018', 'CE 3204', 2),
(198, '1601082020', 'CE 3204', 3.75),
(199, '1601081001', 'CE 3301', 3),
(200, '1601081002', 'CE 3301', 2.5),
(201, '1601081003', 'CE 3301', 2.5),
(202, '1601081009', 'CE 3301', 4),
(203, '1601081010', 'CE 3301', 2.75),
(204, '1601081018', 'CE 3301', 2.75),
(205, '1601081019', 'CE 3301', 4),
(206, '1601081021', 'CE 3301', 2.75),
(207, '1601081025', 'CE 3301', 2.5),
(208, '1601081026', 'CE 3301', 4),
(209, '1601081027', 'CE 3301', 3.75),
(210, '1601081028', 'CE 3301', 2.75),
(211, '1601081029', 'CE 3301', 2.5),
(212, '1601081032', 'CE 3301', 2.75),
(213, '1601081037', 'CE 3301', 3.5),
(214, '1601082005', 'CE 3301', 3.5),
(215, '1601082006', 'CE 3301', 3.5),
(216, '1601082009', 'CE 3301', 2.5),
(217, '1601082015', 'CE 3301', 2.5),
(218, '1601082017', 'CE 3301', 2.75),
(219, '1601082018', 'CE 3301', 3.5),
(220, '1601082020', 'CE 3301', 3.5),
(221, '1601081001', 'CE 3302', 3.5),
(222, '1601081002', 'CE 3302', 3),
(223, '1601081003', 'CE 3302', 3.75),
(224, '1601081009', 'CE 3302', 4),
(225, '1601081010', 'CE 3302', 3.5),
(226, '1601081018', 'CE 3302', 3.5),
(227, '1601081019', 'CE 3302', 4),
(228, '1601081021', 'CE 3302', 3.5),
(229, '1601081025', 'CE 3302', 3.5),
(230, '1601081026', 'CE 3302', 3),
(231, '1601081027', 'CE 3302', 3.75),
(232, '1601081028', 'CE 3302', 3.5),
(233, '1601081029', 'CE 3302', 3.5),
(234, '1601081032', 'CE 3302', 3.5),
(235, '1601081037', 'CE 3302', 3),
(236, '1601082005', 'CE 3302', 3.5),
(237, '1601082006', 'CE 3302', 3.5),
(238, '1601082009', 'CE 3302', 3.75),
(239, '1601082015', 'CE 3302', 3),
(240, '1601082017', 'CE 3302', 3.5),
(241, '1601082018', 'CE 3302', 3.75),
(242, '1601082020', 'CE 3302', 3.5),
(243, '1601081001', 'CE 3303', 2),
(244, '1601081002', 'CE 3303', 1),
(245, '1601081003', 'CE 3303', 1.75),
(246, '1601081009', 'CE 3303', 4),
(247, '1601081010', 'CE 3303', 2),
(248, '1601081018', 'CE 3303', 3),
(249, '1601081019', 'CE 3303', 4),
(250, '1601081021', 'CE 3303', 2.75),
(251, '1601081025', 'CE 3303', 1),
(252, '1601081026', 'CE 3303', 4),
(253, '1601081027', 'CE 3303', 3.75),
(254, '1601081028', 'CE 3303', 2.75),
(255, '1601081029', 'CE 3303', 1.75),
(256, '1601081032', 'CE 3303', 2.5),
(257, '1601081037', 'CE 3303', 2),
(258, '1601082005', 'CE 3303', 3.75),
(259, '1601082006', 'CE 3303', 3.75),
(260, '1601082009', 'CE 3303', 2.5),
(261, '1601082015', 'CE 3303', 2),
(262, '1601082017', 'CE 3303', 1.75),
(263, '1601082018', 'CE 3303', 2.5),
(264, '1601082020', 'CE 3303', 2.75),
(265, '1601081001', 'CE 3304', 2),
(266, '1601081002', 'CE 3304', 1),
(267, '1601081003', 'CE 3304', 2.5),
(268, '1601081009', 'CE 3304', 4),
(269, '1601081010', 'CE 3304', 3),
(270, '1601081018', 'CE 3304', 4),
(271, '1601081019', 'CE 3304', 4),
(272, '1601081021', 'CE 3304', 4),
(273, '1601081025', 'CE 3304', 2),
(274, '1601081026', 'CE 3304', 4),
(275, '1601081027', 'CE 3304', 4),
(276, '1601081028', 'CE 3304', 2.5),
(277, '1601081029', 'CE 3304', 1.75),
(278, '1601081032', 'CE 3304', 2.5),
(279, '1601081037', 'CE 3304', 2),
(280, '1601082005', 'CE 3304', 4),
(281, '1601082006', 'CE 3304', 4),
(282, '1601082009', 'CE 3304', 3),
(283, '1601082015', 'CE 3304', 3.75),
(284, '1601082017', 'CE 3304', 2.5),
(285, '1601082018', 'CE 3304', 3),
(286, '1601082020', 'CE 3304', 2),
(287, '1601081001', 'CE 3305', 3.75),
(288, '1601081002', 'CE 3305', 2.5),
(289, '1601081003', 'CE 3305', 3.75),
(290, '1601081009', 'CE 3305', 4),
(291, '1601081010', 'CE 3305', 3.75),
(292, '1601081018', 'CE 3305', 3.75),
(293, '1601081019', 'CE 3305', 3.75),
(294, '1601081021', 'CE 3305', 3.75),
(295, '1601081025', 'CE 3305', 3.75),
(296, '1601081026', 'CE 3305', 4),
(297, '1601081027', 'CE 3305', 3.75),
(298, '1601081028', 'CE 3305', 3),
(299, '1601081029', 'CE 3305', 3.75),
(300, '1601081032', 'CE 3305', 3.5),
(301, '1601081037', 'CE 3305', 3.75),
(302, '1601082005', 'CE 3305', 3.75),
(303, '1601082006', 'CE 3305', 3.75),
(304, '1601082009', 'CE 3305', 3.75),
(305, '1601082015', 'CE 3305', 3.5),
(306, '1601082017', 'CE 3305', 3.75),
(307, '1601082018', 'CE 3305', 3.5),
(308, '1601082020', 'CE 3305', 3.5),
(309, '1601081001', 'CE 3401', 3),
(310, '1601081002', 'CE 3401', 1),
(311, '1601081003', 'CE 3401', 2.75),
(312, '1601081009', 'CE 3401', 4),
(313, '1601081010', 'CE 3401', 3),
(314, '1601081018', 'CE 3401', 4),
(315, '1601081019', 'CE 3401', 3.5),
(316, '1601081021', 'CE 3401', 4),
(317, '1601081025', 'CE 3401', 3.75),
(318, '1601081026', 'CE 3401', 1.75),
(319, '1601081027', 'CE 3401', 3.5),
(320, '1601081028', 'CE 3401', 2.75),
(321, '1601081029', 'CE 3401', 3),
(322, '1601081032', 'CE 3401', 2),
(323, '1601081037', 'CE 3401', 3),
(324, '1601082005', 'CE 3401', 3),
(325, '1601082006', 'CE 3401', 3.75),
(326, '1601082009', 'CE 3401', 2.5),
(327, '1601082015', 'CE 3401', 2),
(328, '1601082017', 'CE 3401', 2.75),
(329, '1601082018', 'CE 3401', 3),
(330, '1601082020', 'CE 3401', 3.75),
(331, '1601081001', 'CE 3402', 3),
(332, '1601081002', 'CE 3402', 2.75),
(333, '1601081003', 'CE 3402', 3.5),
(334, '1601081009', 'CE 3402', 4),
(335, '1601081010', 'CE 3402', 3.5),
(336, '1601081018', 'CE 3402', 3.5),
(337, '1601081019', 'CE 3402', 3.75),
(338, '1601081021', 'CE 3402', 3.75),
(339, '1601081025', 'CE 3402', 3.5),
(340, '1601081026', 'CE 3402', 4),
(341, '1601081027', 'CE 3402', 3.75),
(342, '1601081028', 'CE 3402', 3.5),
(343, '1601081029', 'CE 3402', 3.5),
(344, '1601081032', 'CE 3402', 3.5),
(345, '1601081037', 'CE 3402', 3.75),
(346, '1601082005', 'CE 3402', 3.75),
(347, '1601082006', 'CE 3402', 3.75),
(348, '1601082009', 'CE 3402', 3.5),
(349, '1601082015', 'CE 3402', 3.5),
(350, '1601082017', 'CE 3402', 3.5),
(351, '1601082018', 'CE 3402', 3),
(352, '1601082020', 'CE 3402', 3.75),
(353, '1601081001', 'CE 3403', 4),
(354, '1601081002', 'CE 3403', 3),
(355, '1601081003', 'CE 3403', 4),
(356, '1601081009', 'CE 3403', 4),
(357, '1601081010', 'CE 3403', 3.5),
(358, '1601081018', 'CE 3403', 3.75),
(359, '1601081019', 'CE 3403', 4),
(360, '1601081021', 'CE 3403', 3.5),
(361, '1601081025', 'CE 3403', 3),
(362, '1601081026', 'CE 3403', 3.75),
(363, '1601081027', 'CE 3403', 3.75),
(364, '1601081028', 'CE 3403', 3),
(365, '1601081029', 'CE 3403', 3),
(366, '1601081032', 'CE 3403', 4),
(367, '1601081037', 'CE 3403', 3.5),
(368, '1601082005', 'CE 3403', 3.5),
(369, '1601082006', 'CE 3403', 3.75),
(370, '1601082009', 'CE 3403', 3.75),
(371, '1601082015', 'CE 3403', 3.75),
(372, '1601082017', 'CE 3403', 3.75),
(373, '1601082018', 'CE 3403', 3.5),
(374, '1601082020', 'CE 3403', 4),
(375, '1601081001', 'CE 3404', 3),
(376, '1601081002', 'CE 3404', 2.5),
(377, '1601081003', 'CE 3404', 3.5),
(378, '1601081009', 'CE 3404', 4),
(379, '1601081010', 'CE 3404', 3),
(380, '1601081018', 'CE 3404', 3.5),
(381, '1601081019', 'CE 3404', 3.5),
(382, '1601081021', 'CE 3404', 3.75),
(383, '1601081025', 'CE 3404', 3.5),
(384, '1601081026', 'CE 3404', 3),
(385, '1601081027', 'CE 3404', 4),
(386, '1601081028', 'CE 3404', 2.75),
(387, '1601081029', 'CE 3404', 2.75),
(388, '1601081032', 'CE 3404', 3),
(389, '1601081037', 'CE 3404', 3),
(390, '1601082005', 'CE 3404', 3),
(391, '1601082006', 'CE 3404', 3.75),
(392, '1601082009', 'CE 3404', 3.5),
(393, '1601082015', 'CE 3404', 3),
(394, '1601082017', 'CE 3404', 3),
(395, '1601082018', 'CE 3404', 4),
(396, '1601082020', 'CE 3404', 3.5),
(397, '1601081001', 'CE 3501', 3),
(398, '1601081002', 'CE 3501', 3),
(399, '1601081003', 'CE 3501', 2.75),
(400, '1601081009', 'CE 3501', 4),
(401, '1601081010', 'CE 3501', 3.75),
(402, '1601081018', 'CE 3501', 3),
(403, '1601081019', 'CE 3501', 4),
(404, '1601081021', 'CE 3501', 3),
(405, '1601081025', 'CE 3501', 3),
(406, '1601081026', 'CE 3501', 3.5),
(407, '1601081027', 'CE 3501', 3.5),
(408, '1601081028', 'CE 3501', 3),
(409, '1601081029', 'CE 3501', 3.5),
(410, '1601081032', 'CE 3501', 3.5),
(411, '1601081037', 'CE 3501', 3),
(412, '1601082005', 'CE 3501', 3),
(413, '1601082006', 'CE 3501', 2.75),
(414, '1601082009', 'CE 3501', 3),
(415, '1601082015', 'CE 3501', 3.5),
(416, '1601082017', 'CE 3501', 3),
(417, '1601082018', 'CE 3501', 2.75),
(418, '1601082020', 'CE 3501', 3.5),
(419, '1601081001', 'CE 4101', 2),
(420, '1601081002', 'CE 4101', 2),
(421, '1601081003', 'CE 4101', 2),
(422, '1601081009', 'CE 4101', 4),
(423, '1601081010', 'CE 4101', 2.75),
(424, '1601081018', 'CE 4101', 2.75),
(425, '1601081019', 'CE 4101', 3.75),
(426, '1601081021', 'CE 4101', 2),
(427, '1601081025', 'CE 4101', 2.5),
(428, '1601081026', 'CE 4101', 2.5),
(429, '1601081027', 'CE 4101', 2.5),
(430, '1601081028', 'CE 4101', 2),
(431, '1601081029', 'CE 4101', 3),
(432, '1601081032', 'CE 4101', 2.5),
(433, '1601081037', 'CE 4101', 3),
(434, '1601082005', 'CE 4101', 2.75),
(435, '1601082006', 'CE 4101', 2.5),
(436, '1601082009', 'CE 4101', 2),
(437, '1601082015', 'CE 4101', 2.75),
(438, '1601082017', 'CE 4101', 2),
(439, '1601082018', 'CE 4101', 2),
(440, '1601082020', 'CE 4101', 2.75),
(441, '1601081001', 'CE 4102', 2.75),
(442, '1601081002', 'CE 4102', 2.5),
(443, '1601081003', 'CE 4102', 2.75),
(444, '1601081009', 'CE 4102', 4),
(445, '1601081010', 'CE 4102', 3),
(446, '1601081018', 'CE 4102', 2.5),
(447, '1601081019', 'CE 4102', 3.75),
(448, '1601081021', 'CE 4102', 3.75),
(449, '1601081025', 'CE 4102', 3),
(450, '1601081026', 'CE 4102', 4),
(451, '1601081027', 'CE 4102', 4),
(452, '1601081028', 'CE 4102', 3),
(453, '1601081029', 'CE 4102', 2.5),
(454, '1601081032', 'CE 4102', 3.5),
(455, '1601081037', 'CE 4102', 3),
(456, '1601082005', 'CE 4102', 3),
(457, '1601082006', 'CE 4102', 3.75),
(458, '1601082009', 'CE 4102', 2.5),
(459, '1601082015', 'CE 4102', 3),
(460, '1601082017', 'CE 4102', 2.75),
(461, '1601082018', 'CE 4102', 3),
(462, '1601082020', 'CE 4102', 3.75),
(463, '1601081001', 'CE 4103', 2),
(464, '1601081002', 'CE 4103', 2),
(465, '1601081003', 'CE 4101', 2),
(466, '1601081009', 'CE 4101', 4),
(467, '1601081010', 'CE 4103', 3.5),
(468, '1601081018', 'CE 4103', 2.5),
(469, '1601081019', 'CE 4103', 4),
(470, '1601081021', 'CE 4103', 3),
(471, '1601081025', 'CE 4103', 2),
(472, '1601081026', 'CE 4103', 2.5),
(473, '1601081027', 'CE 4103', 3),
(474, '1601081028', 'CE 4103', 2.75),
(475, '1601081029', 'CE 4103', 2),
(476, '1601081032', 'CE 4103', 2),
(477, '1601081037', 'CE 4103', 2),
(478, '1601082005', 'CE 4103', 2),
(479, '1601082006', 'CE 4103', 4),
(480, '1601082009', 'CE 4103', 2),
(481, '1601082015', 'CE 4103', 3),
(482, '1601082017', 'CE 4103', 2),
(483, '1601082018', 'CE 4103', 2),
(484, '1601082020', 'CE 4103', 2),
(485, '1601081001', 'CE 4201', 2.75),
(486, '1601081002', 'CE 4201', 2),
(487, '1601081003', 'CE 4201', 2.5),
(488, '1601081009', 'CE 4201', 4),
(489, '1601081010', 'CE 4201', 2.75),
(490, '1601081018', 'CE 4201', 3.5),
(491, '1601081019', 'CE 4201', 2.75),
(492, '1601081021', 'CE 4201', 4),
(493, '1601081025', 'CE 4201', 3.5),
(494, '1601081026', 'CE 4201', 2.75),
(495, '1601081027', 'CE 4201', 4),
(496, '1601081028', 'CE 4201', 2.75),
(497, '1601081029', 'CE 4201', 2),
(498, '1601081032', 'CE 4201', 4),
(499, '1601081037', 'CE 4201', 2.75),
(500, '1601082005', 'CE 4201', 2.5),
(501, '1601082006', 'CE 4201', 2.75),
(502, '1601082009', 'CE 4201', 2.5),
(503, '1601082015', 'CE 4201', 4),
(504, '1601082017', 'CE 4201', 2.5),
(505, '1601082018', 'CE 4201', 3.75),
(506, '1601082020', 'CE 4201', 3.5),
(507, '1601081001', 'CE 4202', 2.75),
(508, '1601081002', 'CE 4202', 2),
(509, '1601081003', 'CE 4202', 2.75),
(510, '1601081009', 'CE 4202', 4),
(511, '1601081010', 'CE 4202', 2.5),
(512, '1601081018', 'CE 4202', 3.75),
(513, '1601081019', 'CE 4202', 3.75),
(514, '1601081021', 'CE 4202', 3.5),
(515, '1601081025', 'CE 4202', 2.5),
(516, '1601081026', 'CE 4202', 3.75),
(517, '1601081027', 'CE 4202', 3.5),
(518, '1601081028', 'CE 4202', 3.5),
(519, '1601081029', 'CE 4202', 2),
(520, '1601081032', 'CE 4202', 2.75),
(521, '1601081037', 'CE 4202', 2.5),
(522, '1601082005', 'CE 4202', 2.75),
(523, '1601082006', 'CE 4202', 3),
(524, '1601082009', 'CE 4202', 2.75),
(525, '1601082015', 'CE 4202', 2.75),
(526, '1601082017', 'CE 4202', 2.75),
(527, '1601082018', 'CE 4202', 2.75),
(528, '1601082020', 'CE 4202', 3.5),
(529, '1601081001', 'CE 4203', 3),
(530, '1601081002', 'CE 4203', 2),
(531, '1601081003', 'CE 4203', 2.5),
(532, '1601081009', 'CE 4203', 4),
(533, '1601081010', 'CE 4203', 2),
(534, '1601081018', 'CE 4203', 4),
(535, '1601081019', 'CE 4203', 4),
(536, '1601081021', 'CE 4203', 3.5),
(537, '1601081025', 'CE 4203', 2),
(538, '1601081026', 'CE 4203', 4),
(539, '1601081027', 'CE 4203', 3.75),
(540, '1601081028', 'CE 4203', 3),
(541, '1601081029', 'CE 4203', 2),
(542, '1601081032', 'CE 4203', 3.5),
(543, '1601081037', 'CE 4203', 2.75),
(544, '1601082005', 'CE 4203', 3),
(545, '1601082006', 'CE 4203', 4),
(546, '1601082009', 'CE 4203', 3.75),
(547, '1601082015', 'CE 4203', 2),
(548, '1601082017', 'CE 4203', 2),
(549, '1601082018', 'CE 4203', 2.5),
(550, '1601082020', 'CE 4203', 2),
(551, '1601081001', 'CE 4204', 3),
(552, '1601081002', 'CE 4204', 2.75),
(553, '1601081003', 'CE 4204', 2.75),
(554, '1601081009', 'CE 4204', 3.75),
(555, '1601081010', 'CE 4204', 3.75),
(556, '1601081018', 'CE 4204', 3),
(557, '1601081019', 'CE 4204', 3),
(558, '1601081021', 'CE 4204', 3.75),
(559, '1601081025', 'CE 4204', 3),
(560, '1601081026', 'CE 4204', 4),
(561, '1601081027', 'CE 4204', 4),
(562, '1601081028', 'CE 4204', 3),
(563, '1601081029', 'CE 4204', 2.75),
(564, '1601081032', 'CE 4204', 3.75),
(565, '1601081037', 'CE 4204', 3),
(566, '1601082005', 'CE 4204', 3.75),
(567, '1601082006', 'CE 4204', 3.75),
(568, '1601082009', 'CE 4204', 2.75),
(569, '1601082015', 'CE 4204', 2.75),
(570, '1601082017', 'CE 4204', 3),
(571, '1601082018', 'CE 4204', 3.75),
(572, '1601082020', 'CE 4204', 2.75),
(573, '1601081001', 'CE 4205', 2.75),
(574, '1601081002', 'CE 4205', 3.5),
(575, '1601081003', 'CE 4205', 3),
(576, '1601081009', 'CE 4205', 3),
(577, '1601081010', 'CE 4205', 4),
(578, '1601081018', 'CE 4205', 4),
(579, '1601081019', 'CE 4205', 4),
(580, '1601081021', 'CE 4205', 4),
(581, '1601081025', 'CE 4205', 3),
(582, '1601081026', 'CE 4205', 3),
(583, '1601081027', 'CE 4205', 3.75),
(584, '1601081028', 'CE 4205', 4),
(585, '1601081029', 'CE 4205', 3.5),
(586, '1601081032', 'CE 4205', 3.75),
(587, '1601081037', 'CE 4205', 4),
(588, '1601082005', 'CE 4205', 3),
(589, '1601082006', 'CE 4205', 3.5),
(590, '1601082009', 'CE 4205', 3.75),
(591, '1601082015', 'CE 4205', 3.75),
(592, '1601082017', 'CE 4205', 3.75),
(593, '1601082018', 'CE 4205', 3.75),
(594, '1601082020', 'CE 4205', 3.75),
(595, '1601081001', 'CE 4301', 4),
(596, '1601081002', 'CE 4301', 3.5),
(597, '1601081003', 'CE 4301', 3),
(598, '1601081009', 'CE 4301', 3.5),
(599, '1601081010', 'CE 4301', 4),
(600, '1601081018', 'CE 4301', 4),
(601, '1601081019', 'CE 4301', 3.5),
(602, '1601081021', 'CE 4301', 3.75),
(603, '1601081025', 'CE 4301', 4),
(604, '1601081026', 'CE 4301', 3.75),
(605, '1601081027', 'CE 4301', 3.75),
(606, '1601081028', 'CE 4301', 3.75),
(607, '1601081029', 'CE 4301', 3),
(608, '1601081032', 'CE 4301', 3.5),
(609, '1601081037', 'CE 4301', 3.75),
(610, '1601082005', 'CE 4301', 3.5),
(611, '1601082006', 'CE 4301', 3),
(612, '1601082009', 'CE 4301', 2),
(613, '1601082015', 'CE 4301', 3),
(614, '1601082017', 'CE 4301', 3.75),
(615, '1601082018', 'CE 4301', 3.75),
(616, '1601082020', 'CE 4301', 3.75),
(617, '1601081001', 'CE 4302', 2.75),
(618, '1601081002', 'CE 4302', 3.75),
(619, '1601081003', 'CE 4302', 1.75),
(620, '1601081009', 'CE 4302', 2.75),
(621, '1601081010', 'CE 4302', 4),
(622, '1601081018', 'CE 4302', 3.5),
(623, '1601081019', 'CE 4302', 4),
(624, '1601081021', 'CE 4302', 3),
(625, '1601081025', 'CE 4302', 2.75),
(626, '1601081026', 'CE 4302', 2.75),
(627, '1601081027', 'CE 4302', 3.5),
(628, '1601081028', 'CE 4302', 2.75),
(629, '1601081029', 'CE 4302', 2.75),
(630, '1601081032', 'CE 4302', 2.75),
(631, '1601081037', 'CE 4302', 3.75),
(632, '1601082005', 'CE 4302', 2.75),
(633, '1601082006', 'CE 4302', 2.75),
(634, '1601082009', 'CE 4302', 2.75),
(635, '1601082015', 'CE 4302', 2),
(636, '1601082017', 'CE 4302', 3),
(637, '1601082018', 'CE 4302', 3.5),
(638, '1601082020', 'CE 4302', 4),
(639, '1601081001', 'CE 4303', 2.5),
(640, '1601081002', 'CE 4303', 2.75),
(641, '1601081003', 'CE 4303', 2.75),
(642, '1601081009', 'CE 4303', 3),
(643, '1601081010', 'CE 4303', 4),
(644, '1601081018', 'CE 4303', 3),
(645, '1601081019', 'CE 4303', 3),
(646, '1601081021', 'CE 4303', 2.75),
(647, '1601081025', 'CE 4303', 2.75),
(648, '1601081026', 'CE 4303', 2.75),
(649, '1601081027', 'CE 4303', 2.75),
(650, '1601081028', 'CE 4303', 3),
(651, '1601081029', 'CE 4303', 2.75),
(652, '1601081032', 'CE 4303', 2.75),
(653, '1601081037', 'CE 4303', 3),
(654, '1601082005', 'CE 4303', 3),
(655, '1601082006', 'CE 4303', 3.5),
(656, '1601082009', 'CE 4303', 2.75),
(657, '1601082015', 'CE 4303', 2.75),
(658, '1601082017', 'CE 4303', 2.75),
(659, '1601082018', 'CE 4303', 2.75),
(660, '1601082020', 'CE 4303', 2.75),
(661, '1601081001', 'CE 4304', 2),
(662, '1601081002', 'CE 4304', 2.75),
(663, '1601081003', 'CE 4304', 2),
(664, '1601081009', 'CE 4304', 2),
(665, '1601081010', 'CE 4304', 4),
(666, '1601081018', 'CE 4304', 2.75),
(667, '1601081019', 'CE 4304', 3.5),
(668, '1601081021', 'CE 4304', 4),
(669, '1601081025', 'CE 4304', 2.75),
(670, '1601081026', 'CE 4304', 2.75),
(671, '1601081027', 'CE 4304', 2.75),
(672, '1601081028', 'CE 4304', 3),
(673, '1601081029', 'CE 4304', 2.75),
(674, '1601081032', 'CE 4304', 2.75),
(675, '1601081037', 'CE 4304', 2.5),
(676, '1601082005', 'CE 4304', 2.75),
(677, '1601082006', 'CE 4304', 3),
(678, '1601082009', 'CE 4304', 4),
(679, '1601082015', 'CE 4304', 2),
(680, '1601082017', 'CE 4304', 2),
(681, '1601082018', 'CE 4304', 2.75),
(682, '1601082020', 'CE 4304', 2.75),
(683, '1601081001', 'CE 4305', 2),
(684, '1601081002', 'CE 4305', 3.5),
(685, '1601081003', 'CE 4305', 2),
(686, '1601081009', 'CE 4305', 3),
(687, '1601081010', 'CE 4305', 4),
(688, '1601081018', 'CE 4305', 4),
(689, '1601081019', 'CE 4305', 4),
(690, '1601081021', 'CE 4305', 4),
(691, '1601081025', 'CE 4305', 4),
(692, '1601081026', 'CE 4305', 4),
(693, '1601081027', 'CE 4305', 4),
(694, '1601081028', 'CE 4305', 3.75),
(695, '1601081029', 'CE 4305', 3.75),
(696, '1601081032', 'CE 4305', 3.5),
(697, '1601081037', 'CE 4305', 3.75),
(698, '1601082005', 'CE 4305', 3.5),
(699, '1601082006', 'CE 4305', 4),
(700, '1601082009', 'CE 4305', 4),
(701, '1601082015', 'CE 4305', 4),
(702, '1601082017', 'CE 4305', 4),
(703, '1601082018', 'CE 4305', 3.5),
(704, '1601082020', 'CE 4305', 3.75),
(705, '1601081001', 'CE 4401', 2.75),
(706, '1601081002', 'CE 4401', 2.75),
(707, '1601081003', 'CE 4401', 2.5),
(708, '1601081009', 'CE 4401', 2.75),
(709, '1601081010', 'CE 4401', 3),
(710, '1601081018', 'CE 4401', 2.5),
(711, '1601081019', 'CE 4401', 2.5),
(712, '1601081021', 'CE 4401', 2.5),
(713, '1601081025', 'CE 4401', 2.75),
(714, '1601081026', 'CE 4401', 2.75),
(715, '1601081027', 'CE 4401', 4),
(716, '1601081028', 'CE 4401', 2.75),
(717, '1601081029', 'CE 4401', 2.75),
(718, '1601081032', 'CE 4401', 2.5),
(719, '1601081037', 'CE 4401', 2.75),
(720, '1601082005', 'CE 4401', 2.75),
(721, '1601082006', 'CE 4401', 4),
(722, '1601082009', 'CE 4401', 2.75),
(723, '1601082015', 'CE 4401', 2.75),
(724, '1601082017', 'CE 4401', 2.75),
(725, '1601082018', 'CE 4401', 2.5),
(726, '1601082020', 'CE 4401', 2.75),
(727, '1601081001', 'CE 4402', 2.5),
(728, '1601081002', 'CE 4402', 3),
(729, '1601081003', 'CE 4402', 1),
(730, '1601081009', 'CE 4402', 4),
(731, '1601081010', 'CE 4402', 4),
(732, '1601081018', 'CE 4402', 3.5),
(733, '1601081019', 'CE 4402', 4),
(734, '1601081021', 'CE 4402', 4),
(735, '1601081025', 'CE 4402', 4),
(736, '1601081026', 'CE 4402', 4),
(737, '1601081027', 'CE 4402', 3.5),
(738, '1601081028', 'CE 4402', 4),
(739, '1601081029', 'CE 4402', 3),
(740, '1601081032', 'CE 4402', 3.75),
(741, '1601081037', 'CE 4402', 3.75),
(742, '1601082005', 'CE 4402', 3.5),
(743, '1601082006', 'CE 4402', 3.75),
(744, '1601082009', 'CE 4402', 4),
(745, '1601082015', 'CE 4402', 2.75),
(746, '1601082017', 'CE 4402', 3.75),
(747, '1601082018', 'CE 4402', 3.5),
(748, '1601082020', 'CE 4402', 3.75),
(749, '1601081001', 'CE 4403', 1.75),
(750, '1601081002', 'CE 4403', 2),
(751, '1601081003', 'CE 4403', 2),
(752, '1601081009', 'CE 4403', 2),
(753, '1601081010', 'CE 4403', 4),
(754, '1601081018', 'CE 4403', 2.75),
(755, '1601081019', 'CE 4403', 2.75),
(756, '1601081021', 'CE 4403', 3.5),
(757, '1601081025', 'CE 4403', 3.5),
(758, '1601081026', 'CE 4403', 2),
(759, '1601081027', 'CE 4403', 2.5),
(760, '1601081028', 'CE 4403', 3.5),
(761, '1601081029', 'CE 4403', 2.75),
(762, '1601081032', 'CE 4403', 2),
(763, '1601081037', 'CE 4403', 2),
(764, '1601082005', 'CE 4403', 2),
(765, '1601082006', 'CE 4403', 2),
(766, '1601082009', 'CE 4403', 3),
(767, '1601082015', 'CE 4403', 3),
(768, '1601082017', 'CE 4403', 2),
(769, '1601082018', 'CE 4403', 2.75),
(770, '1601082020', 'CE 4403', 2),
(771, '1601081001', 'CE 4404', 2.5),
(772, '1601081002', 'CE 4404', 3),
(773, '1601081003', 'CE 4404', 2),
(774, '1601081009', 'CE 4404', 3),
(775, '1601081010', 'CE 4404', 4),
(776, '1601081018', 'CE 4404', 3),
(777, '1601081019', 'CE 4404', 3.5),
(778, '1601081021', 'CE 4404', 3.75),
(779, '1601081025', 'CE 4404', 2.75),
(780, '1601081026', 'CE 4404', 2.5),
(781, '1601081027', 'CE 4404', 3.5),
(782, '1601081028', 'CE 4404', 3),
(783, '1601081029', 'CE 4404', 2.5),
(784, '1601081032', 'CE 4404', 2),
(785, '1601081037', 'CE 4404', 3),
(786, '1601082005', 'CE 4404', 2.5),
(787, '1601082006', 'CE 4404', 3.5),
(788, '1601082009', 'CE 4404', 3.5),
(789, '1601082015', 'CE 4404', 2),
(790, '1601082017', 'CE 4404', 2),
(791, '1601082018', 'CE 4404', 2.5),
(792, '1601082020', 'CE 4404', 2.5),
(793, '1601081001', 'CE 4405', 3.75),
(794, '1601081002', 'CE 4405', 4),
(795, '1601081003', 'CE 4405', 3),
(796, '1601081009', 'CE 4405', 3),
(797, '1601081010', 'CE 4405', 2.75),
(798, '1601081018', 'CE 4405', 2.5),
(799, '1601081019', 'CE 4405', 3),
(800, '1601081021', 'CE 4405', 3),
(801, '1601081025', 'CE 4405', 3),
(802, '1601081026', 'CE 4405', 2.5),
(803, '1601081027', 'CE 4405', 2.75),
(804, '1601081028', 'CE 4405', 2.75),
(805, '1601081029', 'CE 4405', 3),
(806, '1601081032', 'CE 4405', 2.75),
(807, '1601081037', 'CE 4405', 2.75),
(808, '1601082005', 'CE 4405', 2.75),
(809, '1601082006', 'CE 4405', 2.75),
(810, '1601082009', 'CE 4405', 2.75),
(811, '1601082015', 'CE 4405', 2.75),
(812, '1601082017', 'CE 4405', 3.5),
(813, '1601082018', 'CE 4405', 3.5),
(814, '1601082020', 'CE 4405', 3.5),
(815, '1601081001', 'CE 4406', 3.5),
(816, '1601081002', 'CE 4406', 3.75),
(817, '1601081003', 'CE 4406', 3.5),
(818, '1601081009', 'CE 4406', 3.5),
(819, '1601081010', 'CE 4406', 3),
(820, '1601081018', 'CE 4406', 2.75),
(821, '1601081019', 'CE 4406', 3.5),
(822, '1601081021', 'CE 4406', 3),
(823, '1601081025', 'CE 4406', 3),
(824, '1601081026', 'CE 4406', 3),
(825, '1601081027', 'CE 4406', 3),
(826, '1601081028', 'CE 4406', 3),
(827, '1601081029', 'CE 4406', 2.75),
(828, '1601081032', 'CE 4406', 3),
(829, '1601081037', 'CE 4406', 3.5),
(830, '1601082005', 'CE 4406', 3),
(831, '1601082006', 'CE 4406', 2.75),
(832, '1601082009', 'CE 4406', 2.75),
(833, '1601082015', 'CE 4406', 3.5),
(834, '1601082017', 'CE 4406', 3.75),
(835, '1601082018', 'CE 4406', 3.75),
(836, '1601082020', 'CE 4406', 3.75),
(837, '1601081001', 'CE 4502', 3.5),
(838, '1601081002', 'CE 4502', 3.5),
(839, '1601081003', 'CE 4502', 2.75),
(840, '1601081009', 'CE 4502', 3.75),
(841, '1601081010', 'CE 4502', 4),
(842, '1601081018', 'CE 4502', 3.75),
(843, '1601081019', 'CE 4502', 3.5),
(844, '1601081021', 'CE 4502', 2.75),
(845, '1601081025', 'CE 4502', 3.5),
(846, '1601081026', 'CE 4502', 3),
(847, '1601081027', 'CE 4502', 2.75),
(848, '1601081028', 'CE 4502', 3),
(849, '1601081029', 'CE 4502', 3),
(850, '1601081032', 'CE 4502', 3),
(851, '1601081037', 'CE 4502', 3.5),
(852, '1601082005', 'CE 4502', 3),
(853, '1601082006', 'CE 4502', 3),
(854, '1601082009', 'CE 4502', 3.5),
(855, '1601082015', 'CE 4502', 3.75),
(856, '1601082017', 'CE 4502', 3),
(857, '1601082018', 'CE 4502', 3),
(858, '1601082020', 'CE 4502', 3),
(859, '1601081001', 'CE 4503', 3),
(860, '1601081002', 'CE 4503', 2.75),
(861, '1601081003', 'CE 4503', 2.75),
(862, '1601081009', 'CE 4503', 3),
(863, '1601081010', 'CE 4503', 2.5),
(864, '1601081018', 'CE 4503', 3),
(865, '1601081019', 'CE 4503', 2.5),
(866, '1601081021', 'CE 4503', 2.75),
(867, '1601081025', 'CE 4503', 1.75),
(868, '1601081026', 'CE 4503', 2.75),
(869, '1601081027', 'CE 4503', 3),
(870, '1601081028', 'CE 4503', 2.5),
(871, '1601081029', 'CE 4503', 3),
(872, '1601081032', 'CE 4503', 2.5),
(873, '1601081037', 'CE 4503', 3),
(874, '1601082005', 'CE 4503', 2.75),
(875, '1601082006', 'CE 4503', 3),
(876, '1601082009', 'CE 4503', 2.75),
(877, '1601082015', 'CE 4503', 3),
(878, '1601082017', 'CE 4503', 3),
(879, '1601082018', 'CE 4503', 2.75),
(880, '1601082020', 'CE 4503', 3),
(881, '1601081001', 'CE 4504', 2.75),
(882, '1601081002', 'CE 4504', 3.5),
(883, '1601081003', 'CE 4504', 3),
(884, '1601081009', 'CE 4504', 3),
(885, '1601081010', 'CE 4504', 3),
(886, '1601081018', 'CE 4504', 2.5),
(887, '1601081019', 'CE 4504', 2.75),
(888, '1601081021', 'CE 4504', 2.5),
(889, '1601081025', 'CE 4504', 2.5),
(890, '1601081026', 'CE 4504', 2.75),
(891, '1601081027', 'CE 4504', 2.75),
(892, '1601081028', 'CE 4504', 2.75),
(893, '1601081029', 'CE 4504', 2),
(894, '1601081032', 'CE 4504', 3.5),
(895, '1601081037', 'CE 4504', 2),
(896, '1601082005', 'CE 4504', 2.5),
(897, '1601082006', 'CE 4504', 3),
(898, '1601082009', 'CE 4504', 3.5),
(899, '1601082015', 'CE 4504', 2.75),
(900, '1601082017', 'CE 4504', 2.75),
(901, '1601082018', 'CE 4504', 3),
(902, '1601082020', 'CE 4504', 2.75),
(903, '1601081001', 'CE 4505', 2.75),
(904, '1601081002', 'CE 4505', 3.5),
(905, '1601081003', 'CE 4505', 3),
(906, '1601081009', 'CE 4505', 3),
(907, '1601081010', 'CE 4505', 3),
(908, '1601081018', 'CE 4505', 2.5),
(909, '1601081019', 'CE 4505', 2.75),
(910, '1601081021', 'CE 4505', 2.5),
(911, '1601081025', 'CE 4505', 2.5),
(912, '1601081026', 'CE 4505', 2.75),
(913, '1601081027', 'CE 4505', 2.75),
(914, '1601081028', 'CE 4505', 2.75),
(915, '1601081029', 'CE 4505', 2),
(916, '1601081032', 'CE 4505', 3.5),
(917, '1601081037', 'CE 4505', 2),
(918, '1601082005', 'CE 4505', 2.5),
(919, '1601082006', 'CE 4505', 3),
(920, '1601082009', 'CE 4505', 3.5),
(921, '1601082015', 'CE 4505', 2.75),
(922, '1601082017', 'CE 4505', 2.75),
(923, '1601082018', 'CE 4505', 3),
(924, '1601082020', 'CE 4505', 2.75),
(931, '1601082021', 'CE 2103', 3),
(932, '1601082021', 'CE 2201', 3.1),
(933, '1601082021', 'CE 2202', 3.11),
(934, '1601082021', 'CE 2301', 3.12),
(935, '1601082021', 'CE 2501', 3.04),
(936, '1601082021', 'CE 3101', 3.05),
(937, '1601082021', 'CE 3201', 3.26),
(938, '1601082021', 'CE 3202', 3.27),
(939, '1601082021', 'CE 3204', 3.28),
(940, '1601082021', 'CE 3301', 3.29),
(941, '1601082021', 'CE 3302', 3.3),
(942, '1601082021', 'CE 3303', 3.63),
(943, '1601082021', 'CE 3304', 3.64),
(944, '1601082021', 'CE 3305', 3.65),
(945, '1601082021', 'CE 3401', 3.66),
(946, '1601082021', 'CE 3402', 3.67),
(947, '1601082021', 'CE 3403', 3.68),
(948, '1601082021', 'CE 3404', 3.69),
(949, '1601082021', 'CE 3501', 3.7),
(950, '1601082021', 'CE 4101', 3.71),
(951, '1601082021', 'CE 4102 ', 3.89),
(952, '1601082021', 'CE 4103', 3.9),
(953, '1601082021', 'CE 4201', 3.91),
(954, '1601082021', 'CE 4202', 3.92),
(955, '1601082021', 'CE 4203', 3.93),
(956, '1601082021', 'CE 4204', 3.94),
(957, '1601082021', 'CE 4205', 3.95),
(958, '1601082021', 'CE 4301', 3.96),
(959, '1601082021', 'CE 4302', 2.55),
(960, '1601082021', 'CE 4303', 2.56),
(961, '1601082021', 'CE 4304', 2.57),
(962, '1601082021', 'CE 4305', 2.58),
(963, '1601082021', 'CE 4401', 2.59),
(964, '1601082021', 'CE 4402', 2.6),
(965, '1601082021', 'CE 4403', 2.61),
(966, '1601082021', 'CE 4404', 2.62),
(967, '1601082021', 'CE 4405', 2.63),
(968, '1601082021', 'CE 4406', 2.64),
(969, '1601082021', 'CE 4502', 4),
(970, '1601082021', 'CE 4503', 4),
(971, '1601082021', 'CE 4504', 4),
(972, '1601082021', 'CE 4505', 2),
(973, '1701081001', 'CE 2103', 3),
(974, '1701081001', 'CE 3101', 2.75),
(975, '1701081001', 'CE 4101', 3.75),
(976, '1701081001', 'CE 4102', 3),
(977, '1701081001', 'CE 4103', 3.5),
(978, '1701081001', 'CE 2201', 3.5),
(979, '1701081001', 'CE 2202', 3),
(980, '1701081001', 'CE 3201', 3.75),
(981, '1701081001', 'CE 3202', 3),
(982, '1701081001', 'CE 3204', 2),
(983, '1701081001', 'CE 4201', 3.5),
(984, '1701081001', 'CE 4202', 2.75),
(985, '1701081001', 'CE 4203', 2),
(986, '1701081001', 'CE 4204', 3),
(987, '1701081001', 'CE 4205', 4),
(988, '1701081001', 'CE 2301', 2.75),
(989, '1701081001', 'CE 3302', 3),
(990, '1701081001', 'CE 3303', 2.5),
(991, '1701081001', 'CE 3304', 2.5),
(992, '1701081001', 'CE 3305', 2.5),
(993, '1701081001', 'CE 4301', 3),
(994, '1701081001', 'CE 4302', 3),
(995, '1701081001', 'CE 4304', 4),
(996, '1701081001', 'CE 4305', 3),
(997, '1701081001', 'CE 3401', 2.75),
(998, '1701081001', 'CE 3403', 4),
(999, '1701081001', 'CE 3404', 4),
(1000, '1701081001', 'CE 4401', 3),
(1001, '1701081001', 'CE 4402', 4),
(1002, '1701081001', 'CE 4403', 4),
(1003, '1701081001', 'CE 4404', 4),
(1004, '1701081001', 'CE 4405', 4),
(1005, '1701081001', 'CE 4406', 4),
(1006, '1701081001', 'CE 3501', 4),
(1007, '1701081001', 'CE 4502', 3.75),
(1008, '1701081001', 'CE 4503', 2),
(1009, '1701081001', 'CE 4504', 2.5),
(1010, '1701081001', 'CE 4505', 2.75),
(1011, '1701081001', 'CE 2501', 3.5),
(1012, '1701081003', 'CE 2103', 2.5),
(1013, '1701081003', 'CE 3101', 2.75),
(1014, '1701081003', 'CE 4101', 3),
(1015, '1701081003', 'CE 4102', 3.5),
(1016, '1701081003', 'CE 4103', 3.75),
(1017, '1701081003', 'CE 2201', 3.5),
(1018, '1701081003', 'CE 2202', 4),
(1019, '1701081003', 'CE 3201', 3.75),
(1020, '1701081003', 'CE 3202', 4),
(1021, '1701081003', 'CE 3204', 3),
(1022, '1701081003', 'CE 4201', 3.5),
(1023, '1701081003', 'CE 4202', 2.75),
(1024, '1701081003', 'CE 4203', 4),
(1025, '1701081003', 'CE 4204', 3),
(1026, '1701081003', 'CE 4205', 3.5),
(1027, '1701081003', 'CE 2301', 2.75),
(1028, '1701081003', 'CE 3302', 4),
(1029, '1701081003', 'CE 3303', 4),
(1030, '1701081003', 'CE 3304', 4),
(1031, '1701081003', 'CE 3305', 2),
(1032, '1701081003', 'CE 4301', 2.5),
(1033, '1701081003', 'CE 4302', 2.5),
(1034, '1701081003', 'CE 4304', 3.75),
(1035, '1701081003', 'CE 4305', 2.75),
(1036, '1701081003', 'CE 3401', 2.5),
(1037, '1701081003', 'CE 3403', 2.75),
(1038, '1701081003', 'CE 3404', 3.5),
(1039, '1701081003', 'CE 4401', 2.5),
(1040, '1701081003', 'CE 4402', 4),
(1041, '1701081003', 'CE 4403', 2.75),
(1042, '1701081003', 'CE 4404', 3),
(1043, '1701081003', 'CE 4405', 3.5),
(1044, '1701081003', 'CE 4406', 4),
(1045, '1701081003', 'CE 3501', 4),
(1046, '1701081003', 'CE 4502', 3),
(1047, '1701081003', 'CE 4503', 4),
(1048, '1701081003', 'CE 4504', 3.75),
(1049, '1701081003', 'CE 4505', 3.5),
(1050, '1701081003', 'CE 2501', 2.5),
(1051, '1701081004', 'CE 2103', 3.75),
(1052, '1701081004', 'CE 3101', 3.75),
(1053, '1701081004', 'CE 4101', 4),
(1054, '1701081004', 'CE 4102', 3.5),
(1055, '1701081004', 'CE 4103', 4),
(1056, '1701081004', 'CE 2201', 3.75),
(1057, '1701081004', 'CE 2202', 3.5),
(1058, '1701081004', 'CE 3201', 3.75),
(1059, '1701081004', 'CE 3202', 4),
(1060, '1701081004', 'CE 3204', 4),
(1061, '1701081004', 'CE 4201', 4),
(1062, '1701081004', 'CE 4202', 4),
(1063, '1701081004', 'CE 4203', 3.75),
(1064, '1701081004', 'CE 4204', 4),
(1065, '1701081004', 'CE 4205', 3.75),
(1066, '1701081004', 'CE 2301', 2.75),
(1067, '1701081004', 'CE 3302', 4),
(1068, '1701081004', 'CE 3303', 4),
(1069, '1701081004', 'CE 3304', 4),
(1070, '1701081004', 'CE 3305', 4),
(1071, '1701081004', 'CE 4301', 2.75),
(1072, '1701081004', 'CE 4302', 2.75),
(1073, '1701081004', 'CE 4304', 3.5),
(1074, '1701081004', 'CE 4305', 3.5),
(1075, '1701081004', 'CE 3401', 3),
(1076, '1701081004', 'CE 3403', 2.75),
(1077, '1701081004', 'CE 3404', 4),
(1078, '1701081004', 'CE 4401', 2.5),
(1079, '1701081004', 'CE 4402', 4),
(1080, '1701081004', 'CE 4403', 3.5),
(1081, '1701081004', 'CE 4404', 3),
(1082, '1701081004', 'CE 4405', 4),
(1083, '1701081004', 'CE 4406', 3.5),
(1084, '1701081004', 'CE 3501', 4),
(1085, '1701081004', 'CE 4502', 3),
(1086, '1701081004', 'CE 4503', 4),
(1087, '1701081004', 'CE 4504', 3.75),
(1088, '1701081004', 'CE 4505', 2.75),
(1089, '1701081004', 'CE 2501', 4),
(1090, '1701081010', 'CE 2103', 3.75),
(1091, '1701081010', 'CE 3101', 2),
(1092, '1701081010', 'CE 4101', 3),
(1093, '1701081010', 'CE 4102', 3.75),
(1094, '1701081010', 'CE 4103', 3.5),
(1095, '1701081010', 'CE 2201', 3.75),
(1096, '1701081010', 'CE 2202', 4),
(1097, '1701081010', 'CE 3201', 3.75),
(1098, '1701081010', 'CE 3202', 4),
(1099, '1701081010', 'CE 3204', 2.75),
(1100, '1701081010', 'CE 4201', 3.5),
(1101, '1701081010', 'CE 4202', 2.75),
(1102, '1701081010', 'CE 4203', 2),
(1103, '1701081010', 'CE 4204', 1.75),
(1104, '1701081010', 'CE 4205', 2.75),
(1105, '1701081010', 'CE 2301', 2.5),
(1106, '1701081010', 'CE 3302', 2.5),
(1107, '1701081010', 'CE 3303', 4),
(1108, '1701081010', 'CE 3304', 2),
(1109, '1701081010', 'CE 3305', 2),
(1110, '1701081010', 'CE 4301', 2.5),
(1111, '1701081010', 'CE 4302', 2.5),
(1112, '1701081010', 'CE 4304', 2.75),
(1113, '1701081010', 'CE 4305', 3),
(1114, '1701081010', 'CE 3401', 3),
(1115, '1701081010', 'CE 3403', 3.5),
(1116, '1701081010', 'CE 3404', 4),
(1117, '1701081010', 'CE 4401', 2.5),
(1118, '1701081010', 'CE 4402', 4),
(1119, '1701081010', 'CE 4403', 4),
(1120, '1701081010', 'CE 4404', 2.75),
(1121, '1701081010', 'CE 4405', 3),
(1122, '1701081010', 'CE 4406', 3.75),
(1123, '1701081010', 'CE 3501', 4),
(1124, '1701081010', 'CE 4502', 3.75),
(1125, '1701081010', 'CE 4503', 3.5),
(1126, '1701081010', 'CE 4504', 3.5),
(1127, '1701081010', 'CE 4505', 4),
(1128, '1701081010', 'CE 2501', 3),
(1129, '1701081011', 'CE 2103', 3),
(1130, '1701081011', 'CE 3101', 2.5),
(1131, '1701081011', 'CE 4101', 3),
(1132, '1701081011', 'CE 4102', 3.5),
(1133, '1701081011', 'CE 4103', 3),
(1134, '1701081011', 'CE 2201', 3.5),
(1135, '1701081011', 'CE 2202', 3.75),
(1136, '1701081011', 'CE 3201', 3.75),
(1137, '1701081011', 'CE 3202', 2),
(1138, '1701081011', 'CE 3204', 1),
(1139, '1701081011', 'CE 4201', 3.5),
(1140, '1701081011', 'CE 4202', 2.5),
(1141, '1701081011', 'CE 4203', 2),
(1142, '1701081011', 'CE 4204', 1.75),
(1143, '1701081011', 'CE 4205', 1.75),
(1144, '1701081011', 'CE 2301', 2),
(1145, '1701081011', 'CE 3302', 1.75),
(1146, '1701081011', 'CE 3303', 2.5),
(1147, '1701081011', 'CE 3304', 1.75),
(1148, '1701081011', 'CE 3305', 1),
(1149, '1701081011', 'CE 4301', 2.5),
(1150, '1701081011', 'CE 4302', 2.5),
(1151, '1701081011', 'CE 4304', 3.5),
(1152, '1701081011', 'CE 4305', 3),
(1153, '1701081011', 'CE 3401', 3),
(1154, '1701081011', 'CE 3403', 3.5),
(1155, '1701081011', 'CE 3404', 4),
(1156, '1701081011', 'CE 4401', 2.75),
(1157, '1701081011', 'CE 4402', 4),
(1158, '1701081011', 'CE 4403', 2.75),
(1159, '1701081011', 'CE 4404', 2.75),
(1160, '1701081011', 'CE 4405', 2.75),
(1161, '1701081011', 'CE 4406', 4),
(1162, '1701081011', 'CE 3501', 3),
(1163, '1701081011', 'CE 4502', 3),
(1164, '1701081011', 'CE 4503', 2),
(1165, '1701081011', 'CE 4504', 2.5),
(1166, '1701081011', 'CE 4505', 3.5),
(1167, '1701081011', 'CE 2501', 2),
(1168, '1701081013', 'CE 2103', 4),
(1169, '1701081013', 'CE 3101', 2.5),
(1170, '1701081013', 'CE 4101', 3.5),
(1171, '1701081013', 'CE 4102', 3),
(1172, '1701081013', 'CE 4103', 3.75),
(1173, '1701081013', 'CE 2201', 4),
(1174, '1701081013', 'CE 2202', 1.75),
(1175, '1701081013', 'CE 3201', 4),
(1176, '1701081013', 'CE 3202', 4),
(1177, '1701081013', 'CE 3204', 4),
(1178, '1701081013', 'CE 4201', 3),
(1179, '1701081013', 'CE 4202', 4),
(1180, '1701081013', 'CE 4203', 4),
(1181, '1701081013', 'CE 4204', 4),
(1182, '1701081013', 'CE 4205', 2.5),
(1183, '1701081013', 'CE 2301', 2.75),
(1184, '1701081013', 'CE 3302', 4),
(1185, '1701081013', 'CE 3303', 3.75),
(1186, '1701081013', 'CE 3304', 4),
(1187, '1701081013', 'CE 3305', 2),
(1188, '1701081013', 'CE 4301', 2.75),
(1189, '1701081013', 'CE 4302', 2.75),
(1190, '1701081013', 'CE 4304', 3),
(1191, '1701081013', 'CE 4305', 3),
(1192, '1701081013', 'CE 3401', 2.5),
(1193, '1701081013', 'CE 3403', 2),
(1194, '1701081013', 'CE 3404', 4),
(1195, '1701081013', 'CE 4401', 2.75),
(1196, '1701081013', 'CE 4402', 4),
(1197, '1701081013', 'CE 4403', 2.75),
(1198, '1701081013', 'CE 4404', 2.75),
(1199, '1701081013', 'CE 4405', 2.75),
(1200, '1701081013', 'CE 4406', 3.75),
(1201, '1701081013', 'CE 3501', 3),
(1202, '1701081013', 'CE 4502', 4),
(1203, '1701081013', 'CE 4503', 4),
(1204, '1701081013', 'CE 4504', 3.75),
(1205, '1701081013', 'CE 4505', 2.75),
(1206, '1701081013', 'CE 2501', 2.5),
(1207, '1701081016', 'CE 2103', 4),
(1208, '1701081016', 'CE 3101', 2.5),
(1209, '1701081016', 'CE 4101', 3.5),
(1210, '1701081016', 'CE 4102', 4),
(1211, '1701081016', 'CE 4103', 3.75),
(1212, '1701081016', 'CE 2201', 3.75),
(1213, '1701081016', 'CE 2202', 3.5),
(1214, '1701081016', 'CE 3201', 3.75),
(1215, '1701081016', 'CE 3202', 4),
(1216, '1701081016', 'CE 3204', 3.75),
(1217, '1701081016', 'CE 4201', 3.75),
(1218, '1701081016', 'CE 4202', 3.75),
(1219, '1701081016', 'CE 4203', 4),
(1220, '1701081016', 'CE 4204', 4),
(1221, '1701081016', 'CE 4205', 2.75),
(1222, '1701081016', 'CE 2301', 3.5),
(1223, '1701081016', 'CE 3302', 4),
(1224, '1701081016', 'CE 3303', 4),
(1225, '1701081016', 'CE 3304', 4),
(1226, '1701081016', 'CE 3305', 3.75),
(1227, '1701081016', 'CE 4301', 2.75),
(1228, '1701081016', 'CE 4302', 2.75),
(1229, '1701081016', 'CE 4304', 2.75),
(1230, '1701081016', 'CE 4305', 3),
(1231, '1701081016', 'CE 3401', 2.75),
(1232, '1701081016', 'CE 3403', 2.5),
(1233, '1701081016', 'CE 3404', 3.5),
(1234, '1701081016', 'CE 4401', 4),
(1235, '1701081016', 'CE 4402', 4),
(1236, '1701081016', 'CE 4403', 2.75),
(1237, '1701081016', 'CE 4404', 2.75),
(1238, '1701081016', 'CE 4405', 3.5),
(1239, '1701081016', 'CE 4406', 3.75),
(1240, '1701081016', 'CE 3501', 3.75),
(1241, '1701081016', 'CE 4502', 4),
(1242, '1701081016', 'CE 4503', 3.75),
(1243, '1701081016', 'CE 4504', 3.75),
(1244, '1701081016', 'CE 4505', 4),
(1245, '1701081016', 'CE 2501', 3),
(1246, '1701081024', 'CE 2103', 3),
(1247, '1701081024', 'CE 3101', 2),
(1248, '1701081024', 'CE 4101', 3),
(1249, '1701081024', 'CE 4102', 2.75),
(1250, '1701081024', 'CE 4103', 3),
(1251, '1701081024', 'CE 2201', 3.5),
(1252, '1701081024', 'CE 2202', 2.75),
(1253, '1701081024', 'CE 3201', 3),
(1254, '1701081024', 'CE 3202', 2.5),
(1255, '1701081024', 'CE 3204', 2.75),
(1256, '1701081024', 'CE 4201', 3.5),
(1257, '1701081024', 'CE 4202', 2.75),
(1258, '1701081024', 'CE 4203', 3.75),
(1259, '1701081024', 'CE 4204', 2.75),
(1260, '1701081024', 'CE 4205', 2.75),
(1261, '1701081024', 'CE 2301', 2.75),
(1262, '1701081024', 'CE 3302', 3),
(1263, '1701081024', 'CE 3303', 3),
(1264, '1701081024', 'CE 3304', 3),
(1265, '1701081024', 'CE 3305', 1),
(1266, '1701081024', 'CE 4301', 2.75),
(1267, '1701081024', 'CE 4302', 2.75),
(1268, '1701081024', 'CE 4304', 3),
(1269, '1701081024', 'CE 4305', 3),
(1270, '1701081024', 'CE 3401', 2.75),
(1271, '1701081024', 'CE 3403', 3.5),
(1272, '1701081024', 'CE 3404', 4),
(1273, '1701081024', 'CE 4401', 2.75),
(1274, '1701081024', 'CE 4402', 3.75),
(1275, '1701081024', 'CE 4403', 3),
(1276, '1701081024', 'CE 4404', 3),
(1277, '1701081024', 'CE 4405', 2.75),
(1278, '1701081024', 'CE 4406', 3.75),
(1279, '1701081024', 'CE 3501', 4),
(1280, '1701081024', 'CE 4502', 3),
(1281, '1701081024', 'CE 4503', 3),
(1282, '1701081024', 'CE 4504', 3.5),
(1283, '1701081024', 'CE 4505', 2.75),
(1284, '1701081024', 'CE 2501', 2.75),
(1285, '1701081025', 'CE 2103', 2.5),
(1286, '1701081025', 'CE 3101', 3),
(1287, '1701081025', 'CE 4101', 3.5),
(1288, '1701081025', 'CE 4102', 2.75),
(1289, '1701081025', 'CE 4103', 3),
(1290, '1701081025', 'CE 2201', 3.5),
(1291, '1701081025', 'CE 2202', 3),
(1292, '1701081025', 'CE 3201', 3.75),
(1293, '1701081025', 'CE 3202', 1.75),
(1294, '1701081025', 'CE 3204', 1.75),
(1295, '1701081025', 'CE 4201', 3.5),
(1296, '1701081025', 'CE 4202', 2.5),
(1297, '1701081025', 'CE 4203', 2.75),
(1298, '1701081025', 'CE 4204', 1.75),
(1299, '1701081025', 'CE 4205', 2.5),
(1300, '1701081025', 'CE 2301', 2.5),
(1301, '1701081025', 'CE 3302', 1.75),
(1302, '1701081025', 'CE 3303', 2.75),
(1303, '1701081025', 'CE 3304', 2.5),
(1304, '1701081025', 'CE 3305', 1),
(1305, '1701081025', 'CE 4301', 2),
(1306, '1701081025', 'CE 4302', 2),
(1307, '1701081025', 'CE 4304', 3),
(1308, '1701081025', 'CE 4305', 2.75),
(1309, '1701081025', 'CE 3401', 3),
(1310, '1701081025', 'CE 3403', 2.75),
(1311, '1701081025', 'CE 3404', 3),
(1312, '1701081025', 'CE 4401', 2.75),
(1313, '1701081025', 'CE 4402', 3.75),
(1314, '1701081025', 'CE 4403', 2.75),
(1315, '1701081025', 'CE 4404', 2.75),
(1316, '1701081025', 'CE 4405', 2.75),
(1317, '1701081025', 'CE 4406', 3),
(1318, '1701081025', 'CE 3501', 3.5),
(1319, '1701081025', 'CE 4502', 2.75),
(1320, '1701081025', 'CE 4503', 2),
(1321, '1701081025', 'CE 4504', 2),
(1322, '1701081025', 'CE 4505', 2),
(1323, '1701081025', 'CE 2501', 2),
(1324, '1701081026', 'CE 2103', 3.5),
(1325, '1701081026', 'CE 3101', 2.5),
(1326, '1701081026', 'CE 4101', 3.5),
(1327, '1701081026', 'CE 4102', 3),
(1328, '1701081026', 'CE 4103', 4),
(1329, '1701081026', 'CE 2201', 3.5),
(1330, '1701081026', 'CE 2202', 2),
(1331, '1701081026', 'CE 3201', 3.5),
(1332, '1701081026', 'CE 3202', 2.5),
(1333, '1701081026', 'CE 3204', 2.5),
(1334, '1701081026', 'CE 4201', 3.5),
(1335, '1701081026', 'CE 4202', 2.75),
(1336, '1701081026', 'CE 4203', 3.75),
(1337, '1701081026', 'CE 4204', 2),
(1338, '1701081026', 'CE 4205', 3),
(1339, '1701081026', 'CE 2301', 2.75),
(1340, '1701081026', 'CE 3302', 2),
(1341, '1701081026', 'CE 3303', 3),
(1342, '1701081026', 'CE 3304', 2),
(1343, '1701081026', 'CE 3305', 1.75),
(1344, '1701081026', 'CE 4301', 3.5),
(1345, '1701081026', 'CE 4302', 3.5),
(1346, '1701081026', 'CE 4304', 3),
(1347, '1701081026', 'CE 4305', 3),
(1348, '1701081026', 'CE 3401', 2.75),
(1349, '1701081026', 'CE 3403', 2),
(1350, '1701081026', 'CE 3404', 3.75),
(1351, '1701081026', 'CE 4401', 2.5),
(1352, '1701081026', 'CE 4402', 3.5),
(1353, '1701081026', 'CE 4403', 2.75),
(1354, '1701081026', 'CE 4404', 2.75),
(1355, '1701081026', 'CE 4405', 2.75),
(1356, '1701081026', 'CE 4406', 3.5),
(1357, '1701081026', 'CE 3501', 3.75),
(1358, '1701081026', 'CE 4502', 3.75),
(1359, '1701081026', 'CE 4503', 3.5),
(1360, '1701081026', 'CE 4504', 2.75),
(1361, '1701081026', 'CE 4505', 4),
(1362, '1701081026', 'CE 2501', 2),
(1363, '1701081027', 'CE 2103', 3),
(1364, '1701081027', 'CE 3101', 3),
(1365, '1701081027', 'CE 4101', 3),
(1366, '1701081027', 'CE 4102', 3),
(1367, '1701081027', 'CE 4103', 3.5),
(1368, '1701081027', 'CE 2201', 3.75),
(1369, '1701081027', 'CE 2202', 3),
(1370, '1701081027', 'CE 3201', 3.75),
(1371, '1701081027', 'CE 3202', 2),
(1372, '1701081027', 'CE 3204', 2),
(1373, '1701081027', 'CE 4201', 3),
(1374, '1701081027', 'CE 4202', 3.5),
(1375, '1701081027', 'CE 4203', 2),
(1376, '1701081027', 'CE 4204', 2),
(1377, '1701081027', 'CE 4205', 4),
(1378, '1701081027', 'CE 2301', 2.5),
(1379, '1701081027', 'CE 3302', 2),
(1380, '1701081027', 'CE 3303', 2.75),
(1381, '1701081027', 'CE 3304', 2.5),
(1382, '1701081027', 'CE 3305', 2.75),
(1383, '1701081027', 'CE 4301', 2),
(1384, '1701081027', 'CE 4302', 2),
(1385, '1701081027', 'CE 4304', 3.5),
(1386, '1701081027', 'CE 4305', 3.5),
(1387, '1701081027', 'CE 3401', 2.75),
(1388, '1701081027', 'CE 3403', 2),
(1389, '1701081027', 'CE 3404', 3.75),
(1390, '1701081027', 'CE 4401', 2.75),
(1391, '1701081027', 'CE 4402', 3.75),
(1392, '1701081027', 'CE 4403', 2.5),
(1393, '1701081027', 'CE 4404', 3),
(1394, '1701081027', 'CE 4405', 3.75),
(1395, '1701081027', 'CE 4406', 3.75),
(1396, '1701081027', 'CE 3501', 4),
(1397, '1701081027', 'CE 4502', 3),
(1398, '1701081027', 'CE 4503', 2.75),
(1399, '1701081027', 'CE 4504', 2.5),
(1400, '1701081027', 'CE 4505', 2.75),
(1401, '1701081027', 'CE 2501', 2),
(1402, '1701081028', 'CE 2103', 3),
(1403, '1701081028', 'CE 3101', 2.75),
(1404, '1701081028', 'CE 4101', 3),
(1405, '1701081028', 'CE 4102', 3),
(1406, '1701081028', 'CE 4103', 3.5),
(1407, '1701081028', 'CE 2201', 3.75),
(1408, '1701081028', 'CE 2202', 3),
(1409, '1701081028', 'CE 3201', 3.75),
(1410, '1701081028', 'CE 3202', 4),
(1411, '1701081028', 'CE 3204', 3.75),
(1412, '1701081028', 'CE 4201', 3.5),
(1413, '1701081028', 'CE 4202', 3.5),
(1414, '1701081028', 'CE 4203', 3.5),
(1415, '1701081028', 'CE 4204', 4),
(1416, '1701081028', 'CE 4205', 4),
(1417, '1701081028', 'CE 2301', 2),
(1418, '1701081028', 'CE 3302', 4),
(1419, '1701081028', 'CE 3303', 3.75),
(1420, '1701081028', 'CE 3304', 4),
(1421, '1701081028', 'CE 3305', 2.75),
(1422, '1701081028', 'CE 4301', 2.5),
(1423, '1701081028', 'CE 4302', 2.5),
(1424, '1701081028', 'CE 4304', 3),
(1425, '1701081028', 'CE 4305', 3),
(1426, '1701081028', 'CE 3401', 2.75),
(1427, '1701081028', 'CE 3403', 2),
(1428, '1701081028', 'CE 3404', 3.5),
(1429, '1701081028', 'CE 4401', 2.75),
(1430, '1701081028', 'CE 4402', 3.5),
(1431, '1701081028', 'CE 4403', 2.75),
(1432, '1701081028', 'CE 4404', 3),
(1433, '1701081028', 'CE 4405', 2.75),
(1434, '1701081028', 'CE 4406', 3.5),
(1435, '1701081028', 'CE 3501', 3),
(1436, '1701081028', 'CE 4502', 3.75),
(1437, '1701081028', 'CE 4503', 3),
(1438, '1701081028', 'CE 4504', 2.75),
(1439, '1701081028', 'CE 4505', 2.5),
(1440, '1701081028', 'CE 2501', 2),
(1441, '1701081029', 'CE 2103', 3.75),
(1442, '1701081029', 'CE 3101', 2.5),
(1443, '1701081029', 'CE 4101', 2.75);
INSERT INTO `nilai_mahasiswa` (`id_nilai`, `nilai_nim`, `nilai_kode_matakuliah`, `nilai`) VALUES
(1444, '1701081029', 'CE 4102', 3.75),
(1445, '1701081029', 'CE 4103', 3.75),
(1446, '1701081029', 'CE 2201', 3.75),
(1447, '1701081029', 'CE 2202', 3.75),
(1448, '1701081029', 'CE 3201', 3.75),
(1449, '1701081029', 'CE 3202', 4),
(1450, '1701081029', 'CE 3204', 3.75),
(1451, '1701081029', 'CE 4201', 3.5),
(1452, '1701081029', 'CE 4202', 3.5),
(1453, '1701081029', 'CE 4203', 3.5),
(1454, '1701081029', 'CE 4204', 2.75),
(1455, '1701081029', 'CE 4205', 1.75),
(1456, '1701081029', 'CE 2301', 2.75),
(1457, '1701081029', 'CE 3302', 4),
(1458, '1701081029', 'CE 3303', 4),
(1459, '1701081029', 'CE 3304', 3.75),
(1460, '1701081029', 'CE 3305', 2.75),
(1461, '1701081029', 'CE 4301', 3),
(1462, '1701081029', 'CE 4302', 3),
(1463, '1701081029', 'CE 4304', 3),
(1464, '1701081029', 'CE 4305', 2.75),
(1465, '1701081029', 'CE 3401', 2.75),
(1466, '1701081029', 'CE 3403', 2),
(1467, '1701081029', 'CE 3404', 3.75),
(1468, '1701081029', 'CE 4401', 4),
(1469, '1701081029', 'CE 4402', 4),
(1470, '1701081029', 'CE 4403', 3),
(1471, '1701081029', 'CE 4404', 3.5),
(1472, '1701081029', 'CE 4405', 2.75),
(1473, '1701081029', 'CE 4406', 3),
(1474, '1701081029', 'CE 3501', 3.5),
(1475, '1701081029', 'CE 4502', 3.75),
(1476, '1701081029', 'CE 4503', 4),
(1477, '1701081029', 'CE 4504', 3),
(1478, '1701081029', 'CE 4505', 2.75),
(1479, '1701081029', 'CE 2501', 4),
(1480, '1701081030', 'CE 2103', 2.5),
(1481, '1701081030', 'CE 3101', 2),
(1482, '1701081030', 'CE 4101', 3),
(1483, '1701081030', 'CE 4102', 3.5),
(1484, '1701081030', 'CE 4103', 3.75),
(1485, '1701081030', 'CE 2201', 3.5),
(1486, '1701081030', 'CE 2202', 2.5),
(1487, '1701081030', 'CE 3201', 3.75),
(1488, '1701081030', 'CE 3202', 3),
(1489, '1701081030', 'CE 3204', 2.5),
(1490, '1701081030', 'CE 4201', 3.75),
(1491, '1701081030', 'CE 4202', 2.5),
(1492, '1701081030', 'CE 4203', 1.75),
(1493, '1701081030', 'CE 4204', 2),
(1494, '1701081030', 'CE 4205', 1.75),
(1495, '1701081030', 'CE 2301', 2),
(1496, '1701081030', 'CE 3302', 3.5),
(1497, '1701081030', 'CE 3303', 3),
(1498, '1701081030', 'CE 3304', 2.75),
(1499, '1701081030', 'CE 3305', 2.5),
(1500, '1701081030', 'CE 4301', 3.5),
(1501, '1701081030', 'CE 4302', 3.5),
(1502, '1701081030', 'CE 4304', 3.5),
(1503, '1701081030', 'CE 4305', 2.75),
(1504, '1701081030', 'CE 3401', 2.75),
(1505, '1701081030', 'CE 3403', 3),
(1506, '1701081030', 'CE 3404', 4),
(1507, '1701081030', 'CE 4401', 2.75),
(1508, '1701081030', 'CE 4402', 4),
(1509, '1701081030', 'CE 4403', 4),
(1510, '1701081030', 'CE 4404', 2.75),
(1511, '1701081030', 'CE 4405', 2.75),
(1512, '1701081030', 'CE 4406', 2),
(1513, '1701081030', 'CE 3501', 3.75),
(1514, '1701081030', 'CE 4502', 2.75),
(1515, '1701081030', 'CE 4503', 3.75),
(1516, '1701081030', 'CE 4504', 2.75),
(1517, '1701081030', 'CE 4505', 2.5),
(1518, '1701081030', 'CE 2501', 2),
(1519, '1701081033', 'CE 2103', 3),
(1520, '1701081033', 'CE 3101', 2.75),
(1521, '1701081033', 'CE 4101', 3.5),
(1522, '1701081033', 'CE 4102', 3),
(1523, '1701081033', 'CE 4103', 3.75),
(1524, '1701081033', 'CE 2201', 3.5),
(1525, '1701081033', 'CE 2202', 2),
(1526, '1701081033', 'CE 3201', 3.5),
(1527, '1701081033', 'CE 3202', 3.75),
(1528, '1701081033', 'CE 3204', 2),
(1529, '1701081033', 'CE 4201', 3),
(1530, '1701081033', 'CE 4202', 2.5),
(1531, '1701081033', 'CE 4203', 2),
(1532, '1701081033', 'CE 4204', 1.75),
(1533, '1701081033', 'CE 4205', 3.75),
(1534, '1701081033', 'CE 2301', 2.75),
(1535, '1701081033', 'CE 3302', 1.75),
(1536, '1701081033', 'CE 3303', 2.5),
(1537, '1701081033', 'CE 3304', 2),
(1538, '1701081033', 'CE 3305', 3),
(1539, '1701081033', 'CE 4301', 2.75),
(1540, '1701081033', 'CE 4302', 2.75),
(1541, '1701081033', 'CE 4304', 3.75),
(1542, '1701081033', 'CE 4305', 3.5),
(1543, '1701081033', 'CE 3401', 2.75),
(1544, '1701081033', 'CE 3403', 3),
(1545, '1701081033', 'CE 3404', 2.75),
(1546, '1701081033', 'CE 4401', 2.75),
(1547, '1701081033', 'CE 4402', 4),
(1548, '1701081033', 'CE 4403', 2),
(1549, '1701081033', 'CE 4404', 2.75),
(1550, '1701081033', 'CE 4405', 2),
(1551, '1701081033', 'CE 4406', 3),
(1552, '1701081033', 'CE 3501', 3.75),
(1553, '1701081033', 'CE 4502', 2.75),
(1554, '1701081033', 'CE 4503', 2),
(1555, '1701081033', 'CE 4504', 2.75),
(1556, '1701081033', 'CE 4505', 4),
(1557, '1701081033', 'CE 2501', 3),
(1558, '1701081043', 'CE 2103', 2.75),
(1559, '1701081043', 'CE 3101', 2),
(1560, '1701081043', 'CE 4101', 3),
(1561, '1701081043', 'CE 4102', 3),
(1562, '1701081043', 'CE 4103', 3.75),
(1563, '1701081043', 'CE 2201', 3.5),
(1564, '1701081043', 'CE 2202', 2.75),
(1565, '1701081043', 'CE 3201', 3.75),
(1566, '1701081043', 'CE 3202', 2.5),
(1567, '1701081043', 'CE 3204', 1.75),
(1568, '1701081043', 'CE 4201', 3.5),
(1569, '1701081043', 'CE 4202', 2.75),
(1570, '1701081043', 'CE 4203', 3),
(1571, '1701081043', 'CE 4204', 2.5),
(1572, '1701081043', 'CE 4205', 3.5),
(1573, '1701081043', 'CE 2301', 3.75),
(1574, '1701081043', 'CE 3302', 2),
(1575, '1701081043', 'CE 3303', 3.5),
(1576, '1701081043', 'CE 3304', 2.5),
(1577, '1701081043', 'CE 3305', 2.5),
(1578, '1701081043', 'CE 4301', 2.75),
(1579, '1701081043', 'CE 4302', 2.75),
(1580, '1701081043', 'CE 4304', 3),
(1581, '1701081043', 'CE 4305', 3.75),
(1582, '1701081043', 'CE 3401', 3.5),
(1583, '1701081043', 'CE 3403', 2),
(1584, '1701081043', 'CE 3404', 3.75),
(1585, '1701081043', 'CE 4401', 2.75),
(1586, '1701081043', 'CE 4402', 4),
(1587, '1701081043', 'CE 4403', 2),
(1588, '1701081043', 'CE 4404', 2.75),
(1589, '1701081043', 'CE 4405', 3),
(1590, '1701081043', 'CE 4406', 3.75),
(1591, '1701081043', 'CE 3501', 3.75),
(1592, '1701081043', 'CE 4502', 3),
(1593, '1701081043', 'CE 4503', 2),
(1594, '1701081043', 'CE 4504', 2.75),
(1595, '1701081043', 'CE 4505', 2.5),
(1596, '1701081043', 'CE 2501', 2),
(1597, '1701082001', 'CE 2103', 3),
(1598, '1701082001', 'CE 3101', 2),
(1599, '1701082001', 'CE 4101', 2.75),
(1600, '1701082001', 'CE 4102', 4),
(1601, '1701082001', 'CE 4103', 3.5),
(1602, '1701082001', 'CE 2201', 3),
(1603, '1701082001', 'CE 2202', 3),
(1604, '1701082001', 'CE 3201', 3.5),
(1605, '1701082001', 'CE 3202', 3),
(1606, '1701082001', 'CE 3204', 2.5),
(1607, '1701082001', 'CE 4201', 3.75),
(1608, '1701082001', 'CE 4202', 3.5),
(1609, '1701082001', 'CE 4203', 2),
(1610, '1701082001', 'CE 4204', 2.75),
(1611, '1701082001', 'CE 4205', 4),
(1612, '1701082001', 'CE 2301', 2.75),
(1613, '1701082001', 'CE 3302', 3),
(1614, '1701082001', 'CE 3303', 3),
(1615, '1701082001', 'CE 3304', 2.5),
(1616, '1701082001', 'CE 3305', 3.5),
(1617, '1701082001', 'CE 4301', 3),
(1618, '1701082001', 'CE 4302', 3),
(1619, '1701082001', 'CE 4304', 3),
(1620, '1701082001', 'CE 4305', 3.75),
(1621, '1701082001', 'CE 3401', 3.5),
(1622, '1701082001', 'CE 3403', 2.75),
(1623, '1701082001', 'CE 3404', 3.5),
(1624, '1701082001', 'CE 4401', 2.5),
(1625, '1701082001', 'CE 4402', 3.5),
(1626, '1701082001', 'CE 4403', 2.75),
(1627, '1701082001', 'CE 4404', 2.75),
(1628, '1701082001', 'CE 4405', 3.5),
(1629, '1701082001', 'CE 4406', 3.75),
(1630, '1701082001', 'CE 3501', 3.75),
(1631, '1701082001', 'CE 4502', 3.75),
(1632, '1701082001', 'CE 4503', 2.5),
(1633, '1701082001', 'CE 4504', 2.75),
(1634, '1701082001', 'CE 4505', 3.75),
(1635, '1701082001', 'CE 2501', 2),
(1636, '1701082002', 'CE 2103', 3.75),
(1637, '1701082002', 'CE 3101', 2.75),
(1638, '1701082002', 'CE 4101', 3.5),
(1639, '1701082002', 'CE 4102', 3.5),
(1640, '1701082002', 'CE 4103', 4),
(1641, '1701082002', 'CE 2201', 3.75),
(1642, '1701082002', 'CE 2202', 3.75),
(1643, '1701082002', 'CE 3201', 3.5),
(1644, '1701082002', 'CE 3202', 2),
(1645, '1701082002', 'CE 3204', 2.75),
(1646, '1701082002', 'CE 4201', 3.5),
(1647, '1701082002', 'CE 4202', 3.5),
(1648, '1701082002', 'CE 4203', 3.75),
(1649, '1701082002', 'CE 4204', 4),
(1650, '1701082002', 'CE 4205', 3),
(1651, '1701082002', 'CE 2301', 3.5),
(1652, '1701082002', 'CE 3302', 3.75),
(1653, '1701082002', 'CE 3303', 2.75),
(1654, '1701082002', 'CE 3304', 4),
(1655, '1701082002', 'CE 3305', 3.5),
(1656, '1701082002', 'CE 4301', 2.75),
(1657, '1701082002', 'CE 4302', 2.75),
(1658, '1701082002', 'CE 4304', 3),
(1659, '1701082002', 'CE 4305', 3.75),
(1660, '1701082002', 'CE 3401', 3.5),
(1661, '1701082002', 'CE 3403', 2),
(1662, '1701082002', 'CE 3404', 3.75),
(1663, '1701082002', 'CE 4401', 2.75),
(1664, '1701082002', 'CE 4402', 3.75),
(1665, '1701082002', 'CE 4403', 2.75),
(1666, '1701082002', 'CE 4404', 2.75),
(1667, '1701082002', 'CE 4405', 4),
(1668, '1701082002', 'CE 4406', 3.75),
(1669, '1701082002', 'CE 3501', 3.75),
(1670, '1701082002', 'CE 4502', 2.75),
(1671, '1701082002', 'CE 4503', 2),
(1672, '1701082002', 'CE 4504', 3.5),
(1673, '1701082002', 'CE 4505', 3.5),
(1674, '1701082002', 'CE 2501', 2),
(1675, '1701082004', 'CE 2103', 2.75),
(1676, '1701082004', 'CE 3101', 2.75),
(1677, '1701082004', 'CE 4101', 2.75),
(1678, '1701082004', 'CE 4102', 3),
(1679, '1701082004', 'CE 4103', 3),
(1680, '1701082004', 'CE 2201', 4),
(1681, '1701082004', 'CE 2202', 2.75),
(1682, '1701082004', 'CE 3201', 2.5),
(1683, '1701082004', 'CE 3202', 2.75),
(1684, '1701082004', 'CE 3204', 2),
(1685, '1701082004', 'CE 4201', 2),
(1686, '1701082004', 'CE 4202', 2.5),
(1687, '1701082004', 'CE 4203', 2.75),
(1688, '1701082004', 'CE 4204', 2.5),
(1689, '1701082004', 'CE 4205', 1.75),
(1690, '1701082004', 'CE 2301', 3.5),
(1691, '1701082004', 'CE 3302', 3),
(1692, '1701082004', 'CE 3303', 3.5),
(1693, '1701082004', 'CE 3304', 2.75),
(1694, '1701082004', 'CE 3305', 2.75),
(1695, '1701082004', 'CE 4301', 2.75),
(1696, '1701082004', 'CE 4302', 2),
(1697, '1701082004', 'CE 4304', 2.75),
(1698, '1701082004', 'CE 4305', 3),
(1699, '1701082004', 'CE 3401', 3.5),
(1700, '1701082004', 'CE 3403', 3),
(1701, '1701082004', 'CE 3404', 3),
(1702, '1701082004', 'CE 4401', 2),
(1703, '1701082004', 'CE 4402', 2),
(1704, '1701082004', 'CE 4403', 3.5),
(1705, '1701082004', 'CE 4404', 3.75),
(1706, '1701082004', 'CE 4405', 2),
(1707, '1701082004', 'CE 4406', 3),
(1708, '1701082004', 'CE 3501', 3),
(1709, '1701082004', 'CE 4502', 3),
(1710, '1701082004', 'CE 4503', 4),
(1711, '1701082004', 'CE 4504', 2),
(1712, '1701082004', 'CE 4505', 3),
(1713, '1701082004', 'CE 2501', 2),
(1714, '1701082005', 'CE 2103', 2.5),
(1715, '1701082005', 'CE 3101', 2),
(1716, '1701082005', 'CE 4101', 2),
(1717, '1701082005', 'CE 4102', 2.75),
(1718, '1701082005', 'CE 4103', 2),
(1719, '1701082005', 'CE 2201', 3.5),
(1720, '1701082005', 'CE 2202', 3.5),
(1721, '1701082005', 'CE 3201', 2.75),
(1722, '1701082005', 'CE 3202', 3.75),
(1723, '1701082005', 'CE 3204', 3.5),
(1724, '1701082005', 'CE 4201', 2.75),
(1725, '1701082005', 'CE 4202', 3),
(1726, '1701082005', 'CE 4203', 2.75),
(1727, '1701082005', 'CE 4204', 3),
(1728, '1701082005', 'CE 4205', 2),
(1729, '1701082005', 'CE 2301', 3.75),
(1730, '1701082005', 'CE 3302', 2.75),
(1731, '1701082005', 'CE 3303', 3.5),
(1732, '1701082005', 'CE 3304', 3.5),
(1733, '1701082005', 'CE 3305', 3.5),
(1734, '1701082005', 'CE 4301', 1.75),
(1735, '1701082005', 'CE 4302', 2),
(1736, '1701082005', 'CE 4304', 2.75),
(1737, '1701082005', 'CE 4305', 2),
(1738, '1701082005', 'CE 3401', 1.75),
(1739, '1701082005', 'CE 3403', 2.75),
(1740, '1701082005', 'CE 3404', 2.5),
(1741, '1701082005', 'CE 4401', 1),
(1742, '1701082005', 'CE 4402', 1),
(1743, '1701082005', 'CE 4403', 3),
(1744, '1701082005', 'CE 4404', 2.5),
(1745, '1701082005', 'CE 4405', 1),
(1746, '1701082005', 'CE 4406', 2.75),
(1747, '1701082005', 'CE 3501', 1),
(1748, '1701082005', 'CE 4502', 2.5),
(1749, '1701082005', 'CE 4503', 3),
(1750, '1701082005', 'CE 4504', 2),
(1751, '1701082005', 'CE 4505', 3),
(1752, '1701082005', 'CE 2501', 2),
(1753, '1701082007', 'CE 2103', 2.75),
(1754, '1701082007', 'CE 3101', 2.75),
(1755, '1701082007', 'CE 4101', 2.5),
(1756, '1701082007', 'CE 4102', 2.75),
(1757, '1701082007', 'CE 4103', 2.5),
(1758, '1701082007', 'CE 2201', 3),
(1759, '1701082007', 'CE 2202', 3),
(1760, '1701082007', 'CE 3201', 2.75),
(1761, '1701082007', 'CE 3202', 1.75),
(1762, '1701082007', 'CE 3204', 2),
(1763, '1701082007', 'CE 4201', 2),
(1764, '1701082007', 'CE 4202', 1),
(1765, '1701082007', 'CE 4203', 2.5),
(1766, '1701082007', 'CE 4204', 2),
(1767, '1701082007', 'CE 4205', 2),
(1768, '1701082007', 'CE 2301', 3.5),
(1769, '1701082007', 'CE 3302', 2.75),
(1770, '1701082007', 'CE 3303', 2.75),
(1771, '1701082007', 'CE 3304', 3),
(1772, '1701082007', 'CE 3305', 3),
(1773, '1701082007', 'CE 4301', 2),
(1774, '1701082007', 'CE 4302', 1),
(1775, '1701082007', 'CE 4304', 2.75),
(1776, '1701082007', 'CE 4305', 2.5),
(1777, '1701082007', 'CE 3401', 2.5),
(1778, '1701082007', 'CE 3403', 2),
(1779, '1701082007', 'CE 3404', 2.5),
(1780, '1701082007', 'CE 4401', 2.75),
(1781, '1701082007', 'CE 4402', 1.75),
(1782, '1701082007', 'CE 4403', 3.75),
(1783, '1701082007', 'CE 4404', 3.75),
(1784, '1701082007', 'CE 4405', 2.5),
(1785, '1701082007', 'CE 4406', 3.5),
(1786, '1701082007', 'CE 3501', 2.75),
(1787, '1701082007', 'CE 4502', 3.5),
(1788, '1701082007', 'CE 4503', 4),
(1789, '1701082007', 'CE 4504', 2),
(1790, '1701082007', 'CE 4505', 2.75),
(1791, '1701082007', 'CE 2501', 2),
(1792, '1701082008', 'CE 2103', 4),
(1793, '1701082008', 'CE 3101', 4),
(1794, '1701082008', 'CE 4101', 4),
(1795, '1701082008', 'CE 4102', 3.75),
(1796, '1701082008', 'CE 4103', 4),
(1797, '1701082008', 'CE 2201', 3.5),
(1798, '1701082008', 'CE 2202', 3),
(1799, '1701082008', 'CE 3201', 3),
(1800, '1701082008', 'CE 3202', 2.75),
(1801, '1701082008', 'CE 3204', 3),
(1802, '1701082008', 'CE 4201', 2),
(1803, '1701082008', 'CE 4202', 4),
(1804, '1701082008', 'CE 4203', 2.75),
(1805, '1701082008', 'CE 4204', 3),
(1806, '1701082008', 'CE 4205', 2),
(1807, '1701082008', 'CE 2301', 3.5),
(1808, '1701082008', 'CE 3302', 3),
(1809, '1701082008', 'CE 3303', 3.75),
(1810, '1701082008', 'CE 3304', 3),
(1811, '1701082008', 'CE 3305', 3),
(1812, '1701082008', 'CE 4301', 4),
(1813, '1701082008', 'CE 4302', 4),
(1814, '1701082008', 'CE 4304', 4),
(1815, '1701082008', 'CE 4305', 4),
(1816, '1701082008', 'CE 3401', 4),
(1817, '1701082008', 'CE 3403', 4),
(1818, '1701082008', 'CE 3404', 4),
(1819, '1701082008', 'CE 4401', 4),
(1820, '1701082008', 'CE 4402', 4),
(1821, '1701082008', 'CE 4403', 4),
(1822, '1701082008', 'CE 4404', 4),
(1823, '1701082008', 'CE 4405', 4),
(1824, '1701082008', 'CE 4406', 4),
(1825, '1701082008', 'CE 3501', 4),
(1826, '1701082008', 'CE 4502', 4),
(1827, '1701082008', 'CE 4503', 4),
(1828, '1701082008', 'CE 4504', 4),
(1829, '1701082008', 'CE 4505', 4),
(1830, '1701082008', 'CE 2501', 4),
(1831, '1701082009', 'CE 2103', 3),
(1832, '1701082009', 'CE 3101', 2.5),
(1833, '1701082009', 'CE 4101', 2.75),
(1834, '1701082009', 'CE 4102', 3.75),
(1835, '1701082009', 'CE 4103', 2),
(1836, '1701082009', 'CE 2201', 4),
(1837, '1701082009', 'CE 2202', 4),
(1838, '1701082009', 'CE 3201', 4),
(1839, '1701082009', 'CE 3202', 4),
(1840, '1701082009', 'CE 3204', 4),
(1841, '1701082009', 'CE 4201', 4),
(1842, '1701082009', 'CE 4202', 4),
(1843, '1701082009', 'CE 4203', 3),
(1844, '1701082009', 'CE 4204', 4),
(1845, '1701082009', 'CE 4205', 4),
(1846, '1701082009', 'CE 2301', 3),
(1847, '1701082009', 'CE 3302', 2.5),
(1848, '1701082009', 'CE 3303', 4),
(1849, '1701082009', 'CE 3304', 3),
(1850, '1701082009', 'CE 3305', 3),
(1851, '1701082009', 'CE 4301', 2.5),
(1852, '1701082009', 'CE 4302', 2.5),
(1853, '1701082009', 'CE 4304', 2.5),
(1854, '1701082009', 'CE 4305', 2.75),
(1855, '1701082009', 'CE 3401', 3.75),
(1856, '1701082009', 'CE 3403', 4),
(1857, '1701082009', 'CE 3404', 2.75),
(1858, '1701082009', 'CE 4401', 2),
(1859, '1701082009', 'CE 4402', 2),
(1860, '1701082009', 'CE 4403', 3.5),
(1861, '1701082009', 'CE 4404', 3.75),
(1862, '1701082009', 'CE 4405', 3),
(1863, '1701082009', 'CE 4406', 3.5),
(1864, '1701082009', 'CE 3501', 3),
(1865, '1701082009', 'CE 4502', 3),
(1866, '1701082009', 'CE 4503', 3.5),
(1867, '1701082009', 'CE 4504', 2.75),
(1868, '1701082009', 'CE 4505', 3.75),
(1869, '1701082009', 'CE 2501', 3.5),
(1870, '1701082010', 'CE 2103', 2.5),
(1871, '1701082010', 'CE 3101', 3.75),
(1872, '1701082010', 'CE 4101', 3.5),
(1873, '1701082010', 'CE 4102', 3),
(1874, '1701082010', 'CE 4103', 4),
(1875, '1701082010', 'CE 2201', 4),
(1876, '1701082010', 'CE 2202', 4),
(1877, '1701082010', 'CE 3201', 3),
(1878, '1701082010', 'CE 3202', 3.5),
(1879, '1701082010', 'CE 3204', 4),
(1880, '1701082010', 'CE 4201', 2.75),
(1881, '1701082010', 'CE 4202', 3.5),
(1882, '1701082010', 'CE 4203', 2.5),
(1883, '1701082010', 'CE 4204', 3),
(1884, '1701082010', 'CE 4205', 2.75),
(1885, '1701082010', 'CE 2301', 2.75),
(1886, '1701082010', 'CE 3302', 3),
(1887, '1701082010', 'CE 3303', 3.75),
(1888, '1701082010', 'CE 3304', 2.5),
(1889, '1701082010', 'CE 3305', 2.5),
(1890, '1701082010', 'CE 4301', 4),
(1891, '1701082010', 'CE 4302', 2),
(1892, '1701082010', 'CE 4304', 4),
(1893, '1701082010', 'CE 4305', 2.75),
(1894, '1701082010', 'CE 3401', 3.75),
(1895, '1701082010', 'CE 3403', 3.5),
(1896, '1701082010', 'CE 3404', 2.75),
(1897, '1701082010', 'CE 4401', 4),
(1898, '1701082010', 'CE 4402', 3),
(1899, '1701082010', 'CE 4403', 3.5),
(1900, '1701082010', 'CE 4404', 3.75),
(1901, '1701082010', 'CE 4405', 4),
(1902, '1701082010', 'CE 4406', 3.5),
(1903, '1701082010', 'CE 3501', 4),
(1904, '1701082010', 'CE 4502', 3.5),
(1905, '1701082010', 'CE 4503', 3.75),
(1906, '1701082010', 'CE 4504', 2.75),
(1907, '1701082010', 'CE 4505', 3),
(1908, '1701082010', 'CE 2501', 2.5),
(1909, '1701082011', 'CE 2103', 3.75),
(1910, '1701082011', 'CE 3101', 3.75),
(1911, '1701082011', 'CE 4101', 2.75),
(1912, '1701082011', 'CE 4102', 3),
(1913, '1701082011', 'CE 4103', 4),
(1914, '1701082011', 'CE 2201', 3.5),
(1915, '1701082011', 'CE 2202', 4),
(1916, '1701082011', 'CE 3201', 3),
(1917, '1701082011', 'CE 3202', 4),
(1918, '1701082011', 'CE 3204', 4),
(1919, '1701082011', 'CE 4201', 3.5),
(1920, '1701082011', 'CE 4202', 4),
(1921, '1701082011', 'CE 4203', 2.5),
(1922, '1701082011', 'CE 4204', 3.5),
(1923, '1701082011', 'CE 4205', 2.75),
(1924, '1701082011', 'CE 2301', 3.5),
(1925, '1701082011', 'CE 3302', 2.5),
(1926, '1701082011', 'CE 3303', 3.5),
(1927, '1701082011', 'CE 3304', 2.75),
(1928, '1701082011', 'CE 3305', 2.75),
(1929, '1701082011', 'CE 4301', 4),
(1930, '1701082011', 'CE 4302', 4),
(1931, '1701082011', 'CE 4304', 4),
(1932, '1701082011', 'CE 4305', 2.75),
(1933, '1701082011', 'CE 3401', 3),
(1934, '1701082011', 'CE 3403', 3.75),
(1935, '1701082011', 'CE 3404', 4),
(1936, '1701082011', 'CE 4401', 3.75),
(1937, '1701082011', 'CE 4402', 4),
(1938, '1701082011', 'CE 4403', 4),
(1939, '1701082011', 'CE 4404', 3.75),
(1940, '1701082011', 'CE 4405', 4),
(1941, '1701082011', 'CE 4406', 3.75),
(1942, '1701082011', 'CE 3501', 3.5),
(1943, '1701082011', 'CE 4502', 3.5),
(1944, '1701082011', 'CE 4503', 4),
(1945, '1701082011', 'CE 4504', 3.75),
(1946, '1701082011', 'CE 4505', 4),
(1947, '1701082011', 'CE 2501', 4),
(1948, NULL, NULL, 0),
(1949, NULL, NULL, 0),
(1950, NULL, NULL, 0);

-- --------------------------------------------------------

--
-- Table structure for table `prodi`
--

CREATE TABLE `prodi` (
  `kode_prodi` varchar(10) NOT NULL,
  `prodi` varchar(100) DEFAULT NULL
) ENGINE=InnoDB DEFAULT CHARSET=latin1;

--
-- Dumping data for table `prodi`
--

INSERT INTO `prodi` (`kode_prodi`, `prodi`) VALUES
('MI', 'Manajemen Informatika'),
('TKom', 'Teknik Komputer'),
('TRPL', 'Teknologi Rekayasa Perangkat Lunak');

-- --------------------------------------------------------

--
-- Table structure for table `profil_lulusan`
--

CREATE TABLE `profil_lulusan` (
  `kode_profil` varchar(10) NOT NULL,
  `profil_lulusan` varchar(50) DEFAULT NULL,
  `profil_kode_prodi` varchar(10) DEFAULT NULL
) ENGINE=InnoDB DEFAULT CHARSET=latin1;

--
-- Dumping data for table `profil_lulusan`
--

INSERT INTO `profil_lulusan` (`kode_profil`, `profil_lulusan`, `profil_kode_prodi`) VALUES
('PL01', 'IT Support', 'TKom'),
('PL02', 'Administrasi Jaringan', 'TKom'),
('PL03', 'Computer Application Programmer', 'TKom'),
('PL04', 'IT Entrepreneur', 'TKom');

-- --------------------------------------------------------

--
-- Table structure for table `ratarata`
--

CREATE TABLE `ratarata` (
  `rata_nim` varchar(10) NOT NULL,
  `rata_kode_profil` varchar(10) NOT NULL,
  `rata_rata` float NOT NULL
) ENGINE=InnoDB DEFAULT CHARSET=latin1;

-- --------------------------------------------------------

--
-- Table structure for table `users`
--

CREATE TABLE `users` (
  `username` varchar(100) NOT NULL,
  `password` varchar(100) NOT NULL,
  `name` varchar(100) NOT NULL,
  `role` int(11) NOT NULL,
  `user_kode_prodi` varchar(10) NOT NULL,
  `created_at` datetime DEFAULT NULL,
  `updated_at` datetime DEFAULT NULL
) ENGINE=InnoDB DEFAULT CHARSET=utf8;

--
-- Dumping data for table `users`
--

INSERT INTO `users` (`username`, `password`, `name`, `role`, `user_kode_prodi`, `created_at`, `updated_at`) VALUES
('Admin', '$2y$10$59boq4WF2kWNwHLt9MDZQebu/J4Zi5tVa0/odble1OMpD0ShJOF8C', 'Administrasi', 1, 'MI', '2022-02-26 01:53:24', '2022-02-26 01:53:24'),
('admin2', '$2y$10$pSousc0HmV/8i0eXNKPe5uJjLPxtvXWjOL1eVIt9gLh7zGtLnL8oi', 'admin', 1, 'TRPL', '2022-02-26 23:17:57', '2022-02-26 23:17:57');

--
-- Indexes for dumped tables
--

--
-- Indexes for table `angkatan`
--
ALTER TABLE `angkatan`
  ADD PRIMARY KEY (`id_angkatan`);

--
-- Indexes for table `detail_profil_lulusan`
--
ALTER TABLE `detail_profil_lulusan`
  ADD PRIMARY KEY (`id_detail_profil`),
  ADD KEY `detail_profil_lulusan_ibfk_1` (`detail_kode_profil`),
  ADD KEY `detail_profil_lulusan_ibfk_2` (`detail_kode_matakuliah`);

--
-- Indexes for table `mahasiswa`
--
ALTER TABLE `mahasiswa`
  ADD PRIMARY KEY (`nim`),
  ADD KEY `mahasiswa_kode_prodi` (`mahasiswa_kode_prodi`),
  ADD KEY `mahasiswa_id_angkatan` (`mahasiswa_id_angkatan`);

--
-- Indexes for table `mahasiswa2`
--
ALTER TABLE `mahasiswa2`
  ADD PRIMARY KEY (`nim`);

--
-- Indexes for table `mahasiswa_predict`
--
ALTER TABLE `mahasiswa_predict`
  ADD PRIMARY KEY (`id`),
  ADD KEY `nim` (`id_nim`);

--
-- Indexes for table `matakuliah`
--
ALTER TABLE `matakuliah`
  ADD PRIMARY KEY (`kode_matakuliah`);

--
-- Indexes for table `matakuliah2`
--
ALTER TABLE `matakuliah2`
  ADD PRIMARY KEY (`kode_matakuliah`);

--
-- Indexes for table `migrations`
--
ALTER TABLE `migrations`
  ADD PRIMARY KEY (`id`);

--
-- Indexes for table `nilai`
--
ALTER TABLE `nilai`
  ADD PRIMARY KEY (`id_nilai`);

--
-- Indexes for table `nilai_mahasiswa`
--
ALTER TABLE `nilai_mahasiswa`
  ADD PRIMARY KEY (`id_nilai`),
  ADD KEY `nilai_kode_matakuliah` (`nilai_kode_matakuliah`) USING BTREE,
  ADD KEY `nilai_mahasiswa_ibfk_1` (`nilai_nim`);

--
-- Indexes for table `prodi`
--
ALTER TABLE `prodi`
  ADD PRIMARY KEY (`kode_prodi`);

--
-- Indexes for table `profil_lulusan`
--
ALTER TABLE `profil_lulusan`
  ADD PRIMARY KEY (`kode_profil`),
  ADD KEY `profil_kode_prodi` (`profil_kode_prodi`);

--
-- Indexes for table `users`
--
ALTER TABLE `users`
  ADD PRIMARY KEY (`username`);

--
-- AUTO_INCREMENT for dumped tables
--

--
-- AUTO_INCREMENT for table `angkatan`
--
ALTER TABLE `angkatan`
  MODIFY `id_angkatan` int(11) NOT NULL AUTO_INCREMENT, AUTO_INCREMENT=10;

--
-- AUTO_INCREMENT for table `detail_profil_lulusan`
--
ALTER TABLE `detail_profil_lulusan`
  MODIFY `id_detail_profil` int(11) NOT NULL AUTO_INCREMENT, AUTO_INCREMENT=118;

--
-- AUTO_INCREMENT for table `mahasiswa_predict`
--
ALTER TABLE `mahasiswa_predict`
  MODIFY `id` int(11) NOT NULL AUTO_INCREMENT, AUTO_INCREMENT=13;

--
-- AUTO_INCREMENT for table `migrations`
--
ALTER TABLE `migrations`
  MODIFY `id` bigint(20) UNSIGNED NOT NULL AUTO_INCREMENT, AUTO_INCREMENT=10;

--
-- AUTO_INCREMENT for table `nilai`
--
ALTER TABLE `nilai`
  MODIFY `id_nilai` int(11) NOT NULL AUTO_INCREMENT, AUTO_INCREMENT=31;

--
-- AUTO_INCREMENT for table `nilai_mahasiswa`
--
ALTER TABLE `nilai_mahasiswa`
  MODIFY `id_nilai` int(11) NOT NULL AUTO_INCREMENT, AUTO_INCREMENT=1951;

--
-- Constraints for dumped tables
--

--
-- Constraints for table `detail_profil_lulusan`
--
ALTER TABLE `detail_profil_lulusan`
  ADD CONSTRAINT `detail_profil_lulusan_ibfk_1` FOREIGN KEY (`detail_kode_profil`) REFERENCES `profil_lulusan` (`kode_profil`),
  ADD CONSTRAINT `detail_profil_lulusan_ibfk_2` FOREIGN KEY (`detail_kode_matakuliah`) REFERENCES `matakuliah2` (`kode_matakuliah`);

--
-- Constraints for table `mahasiswa`
--
ALTER TABLE `mahasiswa`
  ADD CONSTRAINT `mahasiswa_ibfk_1` FOREIGN KEY (`mahasiswa_kode_prodi`) REFERENCES `prodi` (`kode_prodi`),
  ADD CONSTRAINT `mahasiswa_ibfk_2` FOREIGN KEY (`mahasiswa_id_angkatan`) REFERENCES `angkatan` (`id_angkatan`);

--
-- Constraints for table `nilai_mahasiswa`
--
ALTER TABLE `nilai_mahasiswa`
  ADD CONSTRAINT `nilai_mahasiswa_ibfk_2` FOREIGN KEY (`nilai_kode_matakuliah`) REFERENCES `matakuliah2` (`kode_matakuliah`);

--
-- Constraints for table `profil_lulusan`
--
ALTER TABLE `profil_lulusan`
  ADD CONSTRAINT `profil_lulusan_ibfk_1` FOREIGN KEY (`profil_kode_prodi`) REFERENCES `prodi` (`kode_prodi`);
COMMIT;

/*!40101 SET CHARACTER_SET_CLIENT=@OLD_CHARACTER_SET_CLIENT */;
/*!40101 SET CHARACTER_SET_RESULTS=@OLD_CHARACTER_SET_RESULTS */;
/*!40101 SET COLLATION_CONNECTION=@OLD_COLLATION_CONNECTION */;
