-- phpMyAdmin SQL Dump
-- version 4.9.0.1
-- https://www.phpmyadmin.net/
--
-- Host: 127.0.0.1
-- Generation Time: Feb 21, 2022 at 02:09 PM
-- Server version: 10.4.6-MariaDB
-- PHP Version: 7.3.8

SET SQL_MODE = "NO_AUTO_VALUE_ON_ZERO";
SET AUTOCOMMIT = 0;
START TRANSACTION;
SET time_zone = "+00:00";


/*!40101 SET @OLD_CHARACTER_SET_CLIENT=@@CHARACTER_SET_CLIENT */;
/*!40101 SET @OLD_CHARACTER_SET_RESULTS=@@CHARACTER_SET_RESULTS */;
/*!40101 SET @OLD_COLLATION_CONNECTION=@@COLLATION_CONNECTION */;
/*!40101 SET NAMES utf8mb4 */;

--
-- Database: `dbprofil`
--

-- --------------------------------------------------------

--
-- Table structure for table `angkatan`
--

CREATE TABLE `angkatan` (
  `id_angkatan` int(11) NOT NULL,
  `tahun_angkatan` varchar(5) DEFAULT NULL
) ENGINE=InnoDB DEFAULT CHARSET=latin1;

--
-- Dumping data for table `angkatan`
--

INSERT INTO `angkatan` (`id_angkatan`, `tahun_angkatan`) VALUES
(1, '2015'),
(2, '2016'),
(3, '2017');

-- --------------------------------------------------------

--
-- Table structure for table `detail_profil_lulusan`
--

CREATE TABLE `detail_profil_lulusan` (
  `id_detail_profil` int(11) NOT NULL,
  `detail_kode_profil` varchar(10) NOT NULL,
  `detail_kode_matakuliah` varchar(10) NOT NULL
) ENGINE=InnoDB DEFAULT CHARSET=latin1;

--
-- Dumping data for table `detail_profil_lulusan`
--

INSERT INTO `detail_profil_lulusan` (`id_detail_profil`, `detail_kode_profil`, `detail_kode_matakuliah`) VALUES
(1, 'PL01', 'CE 2103'),
(2, 'PL01', 'CE 3101'),
(3, 'PL01', 'CE 4101'),
(4, 'PL01', 'CE 4102'),
(5, 'PL01', 'CE 4103'),
(6, 'PL01', 'CE 2201'),
(7, 'PL01', 'CE 2202'),
(8, 'PL01', 'CE 3201'),
(9, 'PL01', 'CE 3202'),
(10, 'PL01', 'CE 4202'),
(11, 'PL01', 'CE 4204'),
(12, 'PL01', 'CE 4205'),
(13, 'PL01', 'CE 2301'),
(14, 'PL01', 'CE 3302'),
(15, 'PL01', 'CE 3303'),
(16, 'PL01', 'CE 3304'),
(17, 'PL01', 'CE 3305'),
(18, 'PL01', 'CE 4301'),
(19, 'PL01', 'CE 4302'),
(20, 'PL01', 'CE 4305'),
(21, 'PL01', 'CE 3401'),
(22, 'PL01', 'CE 3403'),
(23, 'PL01', 'CE 3404'),
(24, 'PL01', 'CE 4401'),
(25, 'PL01', 'CE 4402'),
(26, 'PL01', 'CE 4403'),
(27, 'PL01', 'CE 4404'),
(28, 'PL01', 'CE 4405'),
(29, 'PL01', 'CE 3501'),
(30, 'PL01', 'CE 4502'),
(31, 'PL01', 'CE 4504'),
(32, 'PL02', 'CE 2103'),
(33, 'PL02', 'CE 3101'),
(34, 'PL02', 'CE 4101'),
(35, 'PL02', 'CE 4102'),
(36, 'PL02', 'CE 4103'),
(37, 'PL02', 'CE 2201'),
(38, 'PL02', 'CE 2202'),
(39, 'PL02', 'CE 3201'),
(40, 'PL02', 'CE 3202'),
(41, 'PL02', 'CE 4202'),
(42, 'PL02', 'CE 4204'),
(43, 'PL02', 'CE 4205'),
(44, 'PL02', 'CE 2301'),
(45, 'PL02', 'CE 3303'),
(46, 'PL02', 'CE 3304'),
(47, 'PL02', 'CE 3305'),
(48, 'PL02', 'CE 4301'),
(49, 'PL02', 'CE 4305'),
(50, 'PL02', 'CE 3401'),
(51, 'PL02', 'CE 3403'),
(52, 'PL02', 'CE 3404'),
(53, 'PL02', 'CE 4401'),
(54, 'PL02', 'CE 4402'),
(55, 'PL02', 'CE 4403'),
(56, 'PL02', 'CE 4404'),
(57, 'PL02', 'CE 4405'),
(58, 'PL02', 'CE 4406'),
(59, 'PL02', 'CE 3501'),
(60, 'PL02', 'CE 4502'),
(61, 'PL02', 'CE 4503'),
(62, 'PL02', 'CE 4504'),
(63, 'PL03', 'CE 2103'),
(64, 'PL03', 'CE 3101'),
(65, 'PL03', 'CE 4101'),
(66, 'PL03', 'CE 4102'),
(67, 'PL03', 'CE 4103'),
(68, 'PL03', 'CE 2201'),
(69, 'PL03', 'CE 2202'),
(70, 'PL03', 'CE 3201'),
(71, 'PL03', 'CE 3202'),
(72, 'PL03', 'CE 3204'),
(73, 'PL03', 'CE 4201'),
(74, 'PL03', 'CE 4202'),
(75, 'PL03', 'CE 4203'),
(76, 'PL03', 'CE 4204'),
(77, 'PL03', 'CE 4205'),
(78, 'PL03', 'CE 2301'),
(79, 'PL03', 'CE 3303'),
(80, 'PL03', 'CE 3304'),
(81, 'PL03', 'CE 3305'),
(82, 'PL03', 'CE 4301'),
(83, 'PL03', 'CE 4304'),
(84, 'PL03', 'CE 4305'),
(85, 'PL03', 'CE 3403'),
(86, 'PL03', 'CE 3404'),
(87, 'PL03', 'CE 4401'),
(88, 'PL03', 'CE 4402'),
(89, 'PL03', 'CE 4403'),
(90, 'PL03', 'CE 4404'),
(91, 'PL03', 'CE 4406'),
(92, 'PL03', 'CE 4504'),
(93, 'PL03', 'CE 4505'),
(94, 'PL03', 'CE 2501'),
(95, 'PL04', 'CE 2103'),
(96, 'PL04', 'CE 3101'),
(97, 'PL04', 'CE 4101'),
(98, 'PL04', 'CE 4102'),
(99, 'PL04', 'CE 4103'),
(100, 'PL04', 'CE 2201'),
(101, 'PL04', 'CE 2202'),
(102, 'PL04', 'CE 3201'),
(103, 'PL04', 'CE 3202'),
(104, 'PL04', 'CE 4202'),
(105, 'PL04', 'CE 4204'),
(106, 'PL04', 'CE 4205'),
(107, 'PL04', 'CE 2301'),
(108, 'PL04', 'CE 3303'),
(109, 'PL04', 'CE 3401'),
(110, 'PL04', 'CE 3404'),
(111, 'PL04', 'CE 4402'),
(112, 'PL04', 'CE 4405'),
(113, 'PL04', 'CE 4406'),
(114, 'PL04', 'CE 3501'),
(115, 'PL04', 'CE 4503'),
(116, 'PL04', 'CE 4505');

-- --------------------------------------------------------

--
-- Table structure for table `mahasiswa`
--

CREATE TABLE `mahasiswa` (
  `nim` varchar(10) NOT NULL,
  `nama_mahasiswa` varchar(100) DEFAULT NULL,
  `mahasiswa_kode_prodi` varchar(10) DEFAULT NULL,
  `mahasiswa_id_angkatan` int(11) DEFAULT NULL
) ENGINE=InnoDB DEFAULT CHARSET=latin1;

--
-- Dumping data for table `mahasiswa`
--

INSERT INTO `mahasiswa` (`nim`, `nama_mahasiswa`, `mahasiswa_kode_prodi`, `mahasiswa_id_angkatan`) VALUES
('1711082010', 'R', 'TRPL', 3),
('1711082014', 'Lathifah Hanum', 'TRPL', 3);

-- --------------------------------------------------------

--
-- Table structure for table `mahasiswa2`
--

CREATE TABLE `mahasiswa2` (
  `nim` varchar(10) NOT NULL,
  `nama_mahasiswa` varchar(100) NOT NULL,
  `mahasiswa_kode_prodi` varchar(10) NOT NULL,
  `mahasiswa_id_angkatan` int(11) NOT NULL
) ENGINE=InnoDB DEFAULT CHARSET=latin1;

--
-- Dumping data for table `mahasiswa2`
--

INSERT INTO `mahasiswa2` (`nim`, `nama_mahasiswa`, `mahasiswa_kode_prodi`, `mahasiswa_id_angkatan`) VALUES
('1601081001', 'Vella Afruli Antika', 'TKom', 2),
('1601081002', 'Merliani', 'TKom', 2),
('1601081003', 'Muhammad Febrian', 'TKom', 2),
('1601081009', 'Booby Kurniawan', 'TKom', 2),
('1601081010', 'Muthia Apriliani', 'TKom', 2),
('1601081018', 'Adhitya Gading Pramana Agus', 'TKom', 2),
('1601081019', 'Muhammad Rafi Ulwa Pratama', 'TKom', 2),
('1601081021', 'Ridho Ilahi ', 'TKom', 2),
('1601081025', 'Randa Audiva', 'TKom', 2),
('1601081026', 'Andika Budi Pratama', 'TKom', 2),
('1601081027', 'Doni Mulya Fardiyansyah', 'TKom', 2),
('1601081028', 'Alfajri Maulana Ibrahim', 'TKom', 2),
('1601081029', 'Anisa Zulita', 'TKom', 2),
('1601081032', 'Aulia Rahmi', 'TKom', 2),
('1601081037', 'Poppy Aristhia Verdhian', 'TKom', 2),
('1601082005', 'Ainul Zikri', 'TKom', 2),
('1601082006', 'Daniel Alfis', 'TKom', 2),
('1601082009', 'Kenjiro Nalil Huda', 'TKom', 2),
('1601082015', 'Retno Novrifa Putri', 'TKom', 2),
('1601082017', 'Yani Novia', 'TKom', 2),
('1601082018', 'Viola Ventika', 'TKom', 2),
('1601082020', 'Della Dwi Amanda R', 'TKom', 2),
('1711082014', 'Lathifah Hanum', 'TRPL', 1);

-- --------------------------------------------------------

--
-- Table structure for table `matakuliah`
--

CREATE TABLE `matakuliah` (
  `kode_matakuliah` varchar(10) NOT NULL,
  `matakuliah` varchar(100) DEFAULT NULL,
  `matakuliah_kode_prodi` varchar(10) DEFAULT NULL
) ENGINE=InnoDB DEFAULT CHARSET=latin1;

--
-- Dumping data for table `matakuliah`
--

INSERT INTO `matakuliah` (`kode_matakuliah`, `matakuliah`, `matakuliah_kode_prodi`) VALUES
('CE 2103', 'Matematika', 'TKom'),
('CE 3101', 'Algoritma dan Pemrograman Dasar', 'TKom');

-- --------------------------------------------------------

--
-- Table structure for table `matakuliah2`
--

CREATE TABLE `matakuliah2` (
  `kode_matakuliah` varchar(10) NOT NULL,
  `matakuliah` varchar(100) NOT NULL,
  `matakuliah_kode_prodi` varchar(10) NOT NULL
) ENGINE=InnoDB DEFAULT CHARSET=latin1;

--
-- Dumping data for table `matakuliah2`
--

INSERT INTO `matakuliah2` (`kode_matakuliah`, `matakuliah`, `matakuliah_kode_prodi`) VALUES
('CE 2103', 'Matematika', 'TKom'),
('CE 2201', 'Sistem Digital', 'TKom'),
('CE 2202', 'Matematika Diskrit', 'TKom'),
('CE 2301', 'Probabilitas dan Statistika', 'TKom'),
('CE 2501', 'Manajemen Proyek', 'TKom'),
('CE 3101', 'Algoritma dan Pemrograman Dasar', 'TKom'),
('CE 3201', 'Algoritma dan Pemrograman Lanjut', 'TKom'),
('CE 3202', 'Jaringan Komputer Dasar', 'TKom'),
('CE 3204', 'Basis Data', 'TKom'),
('CE 3301', 'Sistem Operasi', 'TKom'),
('CE 3302', 'Konsep Routing', 'TKom'),
('CE 3303', 'Arsitektur Komputer', 'TKom'),
('CE 3304', 'Pemrograman Berorientasi Objek', 'TKom'),
('CE 3305', 'Teknologi Multimedia', 'TKom'),
('CE 3401', 'LAN Switching dan Nirkabel', 'TKom'),
('CE 3402', 'Sitem Terdistribusi', 'TKom'),
('CE 3403', 'Keamanan Komputer dan Jaringan', 'TKom'),
('CE 3404', 'Komunikasi Data', 'TKom'),
('CE 3501', 'Teknologi WAN', 'TKom'),
('CE 4101', 'Praktek Aplikasi Komputer', 'TKom'),
('CE 4102', 'Praktek Pemrograman Dasar', 'TKom'),
('CE 4103', 'Praktek Elektronika Dasar', 'TKom'),
('CE 4201', 'Praktek Pemrograman Web 1', 'TKom'),
('CE 4202', 'Praktek Pemrograman Lanjut', 'TKom'),
('CE 4203', 'Praktek Basis Data', 'TKom'),
('CE 4204', 'Praktek Instalasi Komputer', '3'),
('CE 4205', 'Praktek Jaringan Komputer Dasar', '3'),
('CE 4301', 'Praktek Pemrograman Beorientasi Objek', '3'),
('CE 4302', 'Praktek Routing', '3'),
('CE 4303', 'Praktek Sistem Operasi', '3'),
('CE 4304', 'Praktek Pemrograman Web Lanjut', '3'),
('CE 4305', 'Praktek Multimedia', '3'),
('CE 4401', 'Praktek Pemrograman Client Server', '3'),
('CE 4402', 'Praktek Mikroprosesor', '3'),
('CE 4403', 'Praktek Multimedia Lanjut', '3'),
('CE 4404', 'Praktek Administrasi Sistem', '3'),
('CE 4405', 'Praktek Switching dan Nirkabel', '3'),
('CE 4406', 'Praktek Pemrograman Mobile', '3'),
('CE 4502', 'Praktek WAN', '3'),
('CE 4503', 'Praktek Administrasi Jaringan', '3'),
('CE 4504', 'Praktek Administrasi Server', '3'),
('CE 4505', 'Praktek Pemerograman Mobile Lanjut', '3');

-- --------------------------------------------------------

--
-- Table structure for table `nilai`
--

CREATE TABLE `nilai` (
  `id_nilai` int(11) NOT NULL,
  `nilai_nim` varchar(10) NOT NULL,
  `nilai_kode_matakuliah` varchar(10) NOT NULL,
  `nilai` float NOT NULL
) ENGINE=InnoDB DEFAULT CHARSET=latin1;

--
-- Dumping data for table `nilai`
--

INSERT INTO `nilai` (`id_nilai`, `nilai_nim`, `nilai_kode_matakuliah`, `nilai`) VALUES
(2, '1601081001', '1', 2),
(3, '1601081002', '1', 2),
(4, '1601081003', '1', 1),
(5, '1601081009', '1', 4),
(6, '1601081010', '1', 2.5),
(7, '1601081018', '1', 2),
(8, '1601081019', '1', 4),
(9, '1601081021', '1', 2),
(10, '1601081025', '1', 1),
(11, '1601081026', '1', 2),
(12, '1601081027', '1', 3.75),
(13, '1601081028', '1', 1),
(14, '1601081029', '1', 1),
(15, '1601081032', '1', 1.75),
(16, '1601081037', '1', 2.75),
(17, '1601082005', '1', 2.75),
(18, '1601082006', '1', 2.75),
(19, '1601082009', '1', 2.5),
(20, '1601082015', '1', 3),
(21, '1601082017', '1', 2.5),
(22, '1601082018', '1', 3.5),
(23, '1601082020', '1', 3.5),
(24, '1601081001', '2', 2.75),
(25, '1601081002', '2', 1.75),
(26, '1601081003', '2', 2),
(27, '1601081009', '2', 4),
(28, '1601081010', '2', 2.5),
(29, '1601081018', '2', 4),
(30, '1601081019', '2', 4),
(31, '1601081021', '2', 2),
(32, '1601081025', '2', 1.75),
(33, '1601081026', '2', 4),
(34, '1601081027', '2', 4),
(35, '1601081028', '2', 3),
(36, '1601081029', '2', 2.5),
(37, '1601081032', '2', 2),
(38, '1601081037', '2', 2.5),
(39, '1601082005', '2', 4),
(40, '1601082006', '2', 3.75),
(41, '1601082009', '2', 2.75),
(42, '1601082015', '2', 2),
(43, '1601082017', '2', 2.5),
(44, '1601082018', '2', 2.5),
(45, '1601082020', '2', 4),
(46, '1601081001', '3', 2.75),
(47, '1601081002', '3', 2.75),
(48, '1601081003', '3', 2.75),
(49, '1601081009', '3', 4),
(50, '1601081010', '3', 2.5),
(51, '1601081018', '3', 4),
(52, '1601081019', '3', 4),
(53, '1601081021', '3', 4),
(54, '1601081025', '3', 2.5),
(55, '1601081026', '3', 3.75),
(56, '1601081027', '3', 4),
(57, '1601081028', '3', 3),
(58, '1601081029', '3', 2.75),
(59, '1601081032', '3', 3),
(60, '1601081037', '3', 2.75),
(61, '1601082005', '3', 3.75),
(62, '1601082006', '3', 4),
(63, '1601082009', '3', 3),
(64, '1601082015', '3', 2.5),
(65, '1601082017', '3', 3.5),
(66, '1601082018', '3', 3),
(67, '1601082020', '3', 2.75),
(68, '1601081001', '4', 3.5),
(69, '1601081002', '4', 1.75),
(70, '1601081003', '4', 2),
(71, '1601081009', '4', 4),
(72, '1601081010', '4', 3),
(73, '1601081018', '4', 4),
(74, '1601081019', '4', 4),
(75, '1601081021', '4', 2.5),
(76, '1601081025', '4', 1.75),
(77, '1601081026', '4', 4),
(78, '1601081027', '4', 4),
(79, '1601081028', '4', 3),
(80, '1601081029', '4', 1.75),
(81, '1601081032', '4', 2),
(82, '1601081037', '4', 2),
(83, '1601082005', '4', 4),
(84, '1601082006', '4', 4),
(85, '1601082009', '4', 3.5),
(86, '1601082015', '4', 1.75),
(87, '1601082017', '4', 2),
(88, '1601082018', '4', 3),
(89, '1601082020', '4', 3.75),
(90, '1601081001', '5', 3.5),
(91, '1601081002', '5', 1.75),
(92, '1601081003', '5', 2.5),
(93, '1601081009', '5', 4),
(94, '1601081010', '5', 3.75),
(95, '1601081018', '5', 3.75),
(96, '1601081019', '5', 3),
(97, '1601081021', '5', 2.75),
(98, '1601081025', '5', 2),
(99, '1601081026', '5', 3.5),
(100, '1601081027', '5', 3.75),
(101, '1601081028', '5', 2.5),
(102, '1601081029', '5', 2.5),
(103, '1601081032', '5', 3),
(104, '1601081037', '5', 3.75),
(105, '1601082005', '5', 2.75),
(106, '1601082006', '5', 3.5),
(107, '1601082009', '5', 3.5),
(108, '1601082015', '5', 3.5),
(109, '1601082017', '5', 3),
(110, '1601082018', '5', 3),
(111, '1601082020', '5', 3.5),
(112, '1601081001', '6', 3),
(113, '1601081002', '6', 2),
(114, '1601081003', '6', 2.5),
(115, '1601081009', '6', 4),
(116, '1601081010', '6', 2.75),
(117, '1601081018', '6', 2.75),
(118, '1601081019', '6', 2.75),
(119, '1601081021', '6', 2.5),
(120, '1601081025', '6', 2),
(121, '1601081026', '6', 2.75),
(122, '1601081027', '6', 3.5),
(123, '1601081028', '6', 2.75),
(124, '1601081029', '6', 2.5),
(125, '1601081032', '6', 2.75),
(126, '1601081037', '6', 2.5),
(127, '1601082005', '6', 2),
(128, '1601082006', '6', 2.75),
(129, '1601082009', '6', 2),
(130, '1601082015', '6', 2.75),
(131, '1601082017', '6', 3.75),
(132, '1601082018', '6', 2.75),
(133, '1601082020', '6', 3.5),
(134, '1601081001', '7', 3),
(135, '1601081002', '7', 2.75),
(136, '1601081003', '7', 2),
(137, '1601081009', '7', 4),
(138, '1601081010', '7', 4),
(139, '1601081018', '7', 3.5),
(140, '1601081019', '7', 3.75),
(141, '1601081021', '7', 2.75),
(142, '1601081025', '7', 1.75),
(143, '1601081026', '7', 2.5),
(144, '1601081027', '7', 2.75),
(145, '1601081028', '7', 2.75),
(146, '1601081029', '7', 2.5),
(147, '1601081032', '7', 3),
(148, '1601081037', '7', 4),
(149, '1601082005', '7', 4),
(150, '1601082006', '7', 1.75),
(151, '1601082009', '7', 1.75),
(152, '1601082015', '7', 3.75),
(153, '1601082017', '7', 3.5),
(154, '1601082018', '7', 4),
(155, '1601082020', '7', 3),
(156, '1601081001', '8', 2.75),
(157, '1601081002', '8', 2),
(158, '1601081003', '8', 1.75),
(159, '1601081009', '8', 4),
(160, '1601081010', '8', 3),
(161, '1601081018', '8', 3),
(162, '1601081019', '8', 4),
(163, '1601081021', '8', 1.75),
(164, '1601081025', '8', 1.75),
(165, '1601081026', '8', 4),
(166, '1601081027', '8', 4),
(167, '1601081028', '8', 2.75),
(168, '1601081029', '8', 1.75),
(169, '1601081032', '8', 2),
(170, '1601081037', '8', 2),
(171, '1601082005', '8', 4),
(172, '1601082006', '8', 2.75),
(173, '1601082009', '8', 2),
(174, '1601082015', '8', 1.75),
(175, '1601082017', '8', 2.5),
(176, '1601082018', '8', 2.75),
(177, '1601082020', '8', 4),
(178, '1601081001', '9', 2),
(179, '1601081002', '9', 1),
(180, '1601081003', '9', 2.75),
(181, '1601081009', '9', 4),
(182, '1601081010', '9', 2),
(183, '1601081018', '9', 4),
(184, '1601081019', '9', 3.75),
(185, '1601081021', '9', 2),
(186, '1601081025', '9', 2),
(187, '1601081026', '9', 4),
(188, '1601081027', '9', 4),
(189, '1601081028', '9', 3.75),
(190, '1601081029', '9', 2.75),
(191, '1601081032', '9', 3.75),
(192, '1601081037', '9', 2),
(193, '1601082005', '9', 3.5),
(194, '1601082006', '9', 3.5),
(195, '1601082009', '9', 1.75),
(196, '1601082015', '9', 2),
(197, '1601082017', '9', 3),
(198, '1601082018', '9', 2),
(199, '1601082020', '9', 3.75),
(200, '1601081001', '10', 3),
(201, '1601081002', '10', 2.5),
(202, '1601081003', '10', 2.5),
(203, '1601081009', '10', 4),
(204, '1601081010', '10', 2.75),
(205, '1601081018', '10', 2.75),
(206, '1601081019', '10', 4),
(207, '1601081021', '10', 2.75),
(208, '1601081025', '10', 2.5),
(209, '1601081026', '10', 4),
(210, '1601081027', '10', 3.75),
(211, '1601081028', '10', 2.75),
(212, '1601081029', '10', 2.5),
(213, '1601081032', '10', 2.75),
(214, '1601081037', '10', 3.5),
(215, '1601082005', '10', 3.5),
(216, '1601082006', '10', 3.5),
(217, '1601082009', '10', 2.5),
(218, '1601082015', '10', 2.5),
(219, '1601082017', '10', 2.75),
(220, '1601082018', '10', 3.5),
(221, '1601082020', '10', 3.5),
(222, '1601081001', '11', 3.5),
(223, '1601081002', '11', 3),
(224, '1601081003', '11', 3.75),
(225, '1601081009', '11', 4),
(226, '1601081010', '11', 3.5),
(227, '1601081018', '11', 3.5),
(228, '1601081019', '11', 4),
(229, '1601081021', '11', 3.5),
(230, '1601081025', '11', 3.5),
(231, '1601081026', '11', 3),
(232, '1601081027', '11', 3.75),
(233, '1601081028', '11', 3.5),
(234, '1601081029', '11', 3.5),
(235, '1601081032', '11', 3.5),
(236, '1601081037', '11', 3),
(237, '1601082005', '11', 3.5),
(238, '1601082006', '11', 3.5),
(239, '1601082009', '11', 3.75),
(240, '1601082015', '11', 3),
(241, '1601082017', '11', 3.5),
(242, '1601082018', '11', 3.75),
(243, '1601082020', '11', 3.5),
(244, '1601081001', '12', 2),
(245, '1601081002', '12', 1),
(246, '1601081003', '12', 1.75),
(247, '1601081009', '12', 4),
(248, '1601081010', '12', 2),
(249, '1601081018', '12', 3),
(250, '1601081019', '12', 4),
(251, '1601081021', '12', 2.75),
(252, '1601081025', '12', 1),
(253, '1601081026', '12', 4),
(254, '1601081027', '12', 3.75),
(255, '1601081028', '12', 2.75),
(256, '1601081029', '12', 1.75),
(257, '1601081032', '12', 2.5),
(258, '1601081037', '12', 2),
(259, '1601082005', '12', 3.75),
(260, '1601082006', '12', 3.75),
(261, '1601082009', '12', 2.5),
(262, '1601082015', '12', 2),
(263, '1601082017', '12', 1.75),
(264, '1601082018', '12', 2.5),
(265, '1601082020', '12', 2.75),
(266, '1601081001', '13', 2),
(267, '1601081002', '13', 1),
(268, '1601081003', '13', 2.5),
(269, '1601081009', '13', 4),
(270, '1601081010', '13', 3),
(271, '1601081018', '13', 4),
(272, '1601081019', '13', 4),
(273, '1601081021', '13', 4),
(274, '1601081025', '13', 2),
(275, '1601081026', '13', 4),
(276, '1601081027', '13', 4),
(277, '1601081028', '13', 2.5),
(278, '1601081029', '13', 1.75),
(279, '1601081032', '13', 2.5),
(280, '1601081037', '13', 2),
(281, '1601082005', '13', 4),
(282, '1601082006', '13', 4),
(283, '1601082009', '13', 3),
(284, '1601082015', '13', 3.75),
(285, '1601082017', '13', 2.5),
(286, '1601082018', '13', 3),
(287, '1601082020', '13', 2),
(288, '1601081001', '14', 3.75),
(289, '1601081002', '14', 2.5),
(290, '1601081003', '14', 3.75),
(291, '1601081009', '14', 4),
(292, '1601081010', '14', 3.75),
(293, '1601081018', '14', 3.75),
(294, '1601081019', '14', 3.75),
(295, '1601081021', '14', 3.75),
(296, '1601081025', '14', 3.75),
(297, '1601081026', '14', 4),
(298, '1601081027', '14', 3.75),
(299, '1601081028', '14', 3),
(300, '1601081029', '14', 3.75),
(301, '1601081032', '14', 3.5),
(302, '1601081037', '14', 3.75),
(303, '1601082005', '14', 3.75),
(304, '1601082006', '14', 3.75),
(305, '1601082009', '14', 3.75),
(306, '1601082015', '14', 3.5),
(307, '1601082017', '14', 3.75),
(308, '1601082018', '14', 3.5),
(309, '1601082020', '14', 3.5),
(310, '1601081001', '15', 3),
(311, '1601081002', '15', 1),
(312, '1601081003', '15', 2.75),
(313, '1601081009', '15', 4),
(314, '1601081010', '15', 3),
(315, '1601081018', '15', 4),
(316, '1601081019', '15', 3.5),
(317, '1601081021', '15', 4),
(318, '1601081025', '15', 3.75),
(319, '1601081026', '15', 1.75),
(320, '1601081027', '15', 3.5),
(321, '1601081028', '15', 2.75),
(322, '1601081029', '15', 3),
(323, '1601081032', '15', 2),
(324, '1601081037', '15', 3),
(325, '1601082005', '15', 3),
(326, '1601082006', '15', 3.75),
(327, '1601082009', '15', 2.5),
(328, '1601082015', '15', 2),
(329, '1601082017', '15', 2.75),
(330, '1601082018', '15', 3),
(331, '1601082020', '15', 3.75),
(332, '1601081001', '16', 3),
(333, '1601081002', '16', 2.75),
(334, '1601081003', '16', 3.5),
(335, '1601081009', '16', 4),
(336, '1601081010', '16', 3.5),
(337, '1601081018', '16', 3.5),
(338, '1601081019', '16', 3.75),
(339, '1601081021', '16', 3.75),
(340, '1601081025', '16', 3.5),
(341, '1601081026', '16', 4),
(342, '1601081027', '16', 3.75),
(343, '1601081028', '16', 3.5),
(344, '1601081029', '16', 3.5),
(345, '1601081032', '16', 3.5),
(346, '1601081037', '16', 3.75),
(347, '1601082005', '16', 3.75),
(348, '1601082006', '16', 3.75),
(349, '1601082009', '16', 3.5),
(350, '1601082015', '16', 3.5),
(351, '1601082017', '16', 3.5),
(352, '1601082018', '16', 3),
(353, '1601082020', '16', 3.75),
(354, '1601081001', '17', 4),
(355, '1601081002', '17', 3),
(356, '1601081003', '17', 4),
(357, '1601081009', '17', 4),
(358, '1601081010', '17', 3.5),
(359, '1601081018', '17', 3.75),
(360, '1601081019', '17', 4),
(361, '1601081021', '17', 3.5),
(362, '1601081025', '17', 3),
(363, '1601081026', '17', 3.75),
(364, '1601081027', '17', 3.75),
(365, '1601081028', '17', 3),
(366, '1601081029', '17', 3),
(367, '1601081032', '17', 4),
(368, '1601081037', '17', 3.5),
(369, '1601082005', '17', 3.5),
(370, '1601082006', '17', 3.75),
(371, '1601082009', '17', 3.75),
(372, '1601082015', '17', 3.75),
(373, '1601082017', '17', 3.75),
(374, '1601082018', '17', 3.5),
(375, '1601082020', '17', 4),
(376, '1601081001', '18', 3),
(377, '1601081002', '18', 2.5),
(378, '1601081003', '18', 3.5),
(379, '1601081009', '18', 4),
(380, '1601081010', '18', 3),
(381, '1601081018', '18', 3.5),
(382, '1601081019', '18', 3.5),
(383, '1601081021', '18', 3.75),
(384, '1601081025', '18', 3.5),
(385, '1601081026', '18', 3),
(386, '1601081027', '18', 4),
(387, '1601081028', '18', 2.75),
(388, '1601081029', '18', 2.75),
(389, '1601081032', '18', 3),
(390, '1601081037', '18', 3),
(391, '1601082005', '18', 3),
(392, '1601082006', '18', 3.75),
(393, '1601082009', '18', 3.5),
(394, '1601082015', '18', 3),
(395, '1601082017', '18', 3),
(396, '1601082018', '18', 4),
(397, '1601082020', '18', 3.5),
(398, '1601081001', '19', 3),
(399, '1601081002', '19', 3),
(400, '1601081003', '19', 2.75),
(401, '1601081009', '19', 4),
(402, '1601081010', '19', 3.75),
(403, '1601081018', '19', 3),
(404, '1601081019', '19', 4),
(405, '1601081021', '19', 3),
(406, '1601081025', '19', 3),
(407, '1601081026', '19', 3.5),
(408, '1601081027', '19', 3.5),
(410, '1601081028', '19', 3),
(411, '1601081029', '19', 3.5),
(412, '1601081032', '19', 3.5),
(413, '1601081037', '19', 3),
(414, '1601082005', '19', 3),
(415, '1601082006', '19', 2.75),
(416, '1601082009', '19', 3),
(417, '1601082015', '19', 3.5),
(418, '1601082017', '19', 3),
(419, '1601082018', '19', 2.75),
(420, '1601082020', '19', 3.5),
(421, '1601081001', '20', 2),
(422, '1601081002', '20', 2),
(423, '1601081003', '20', 2),
(424, '1601081009', '20', 4),
(425, '1601081010', '20', 2.75),
(426, '1601081018', '20', 2.75),
(427, '1601081019', '20', 3.75),
(428, '1601081021', '20', 2),
(429, '1601081025', '20', 2.5),
(430, '1601081026', '20', 2.5),
(431, '1601081027', '20', 2.5),
(432, '1601081028', '20', 2),
(433, '1601081029', '20', 3),
(434, '1601081032', '20', 2.5),
(435, '1601081037', '20', 3),
(436, '1601082005', '20', 2.75),
(437, '1601082006', '20', 2.5),
(438, '1601082009', '20', 2),
(439, '1601082015', '20', 2.75),
(440, '1601082017', '20', 2),
(441, '1601082018', '20', 2),
(442, '1601082020', '20', 2.75),
(443, '1601081001', '21', 2.75),
(444, '1601081002', '21', 2.5),
(445, '1601081003', '21', 2.75),
(446, '1601081009', '21', 4),
(447, '1601081010', '21', 3),
(448, '1601081018', '21', 2.5),
(449, '1601081019', '21', 3.75),
(450, '1601081021', '21', 3.75),
(451, '1601081025', '21', 3),
(452, '1601081026', '21', 4),
(453, '1601081027', '21', 4),
(454, '1601081028', '21', 3),
(455, '1601081029', '21', 2.5),
(456, '1601081032', '21', 3.5),
(457, '1601081037', '21', 3),
(458, '1601082005', '21', 3),
(459, '1601082006', '21', 3.75),
(460, '1601082009', '21', 2.5),
(461, '1601082015', '21', 3),
(462, '1601082017', '21', 2.75),
(463, '1601082018', '21', 3),
(464, '1601082020', '21', 3.75),
(465, '1601081001', '22', 2),
(466, '1601081002', '22', 2),
(467, '1601081003', '20', 2),
(468, '1601081009', '20', 4),
(469, '1601081010', '22', 3.5),
(470, '1601081018', '22', 2.5),
(471, '1601081019', '22', 4),
(472, '1601081021', '22', 3),
(473, '1601081025', '22', 2),
(474, '1601081026', '22', 2.5),
(475, '1601081027', '22', 3),
(476, '1601081028', '22', 2.75),
(477, '1601081029', '22', 2),
(478, '1601081032', '22', 2),
(479, '1601081037', '22', 2),
(480, '1601082005', '22', 2),
(481, '1601082006', '22', 4),
(482, '1601082009', '22', 2),
(483, '1601082015', '22', 3),
(484, '1601082017', '22', 2),
(485, '1601082018', '22', 2),
(486, '1601082020', '22', 2),
(487, '1601081001', '23', 2.75),
(488, '1601081002', '23', 2),
(489, '1601081003', '23', 2.5),
(490, '1601081009', '23', 4),
(491, '1601081010', '23', 2.75),
(492, '1601081018', '23', 3.5),
(493, '1601081019', '23', 2.75),
(494, '1601081021', '23', 4),
(495, '1601081025', '23', 3.5),
(496, '1601081026', '23', 2.75),
(497, '1601081027', '23', 4),
(498, '1601081028', '23', 2.75),
(499, '1601081029', '23', 2),
(500, '1601081032', '23', 4),
(501, '1601081037', '23', 2.75),
(502, '1601082005', '23', 2.5),
(503, '1601082006', '23', 2.75),
(504, '1601082009', '23', 2.5),
(505, '1601082015', '23', 4),
(506, '1601082017', '23', 2.5),
(507, '1601082018', '23', 3.75),
(508, '1601082020', '23', 3.5),
(509, '1601081001', '24', 2.75),
(510, '1601081002', '24', 2),
(511, '1601081003', '24', 2.75),
(512, '1601081009', '24', 4),
(513, '1601081010', '24', 2.5),
(514, '1601081018', '24', 3.75),
(515, '1601081019', '24', 3.75),
(516, '1601081021', '24', 3.5),
(517, '1601081025', '24', 2.5),
(518, '1601081026', '24', 3.75),
(519, '1601081027', '24', 3.5),
(520, '1601081028', '24', 3.5),
(521, '1601081029', '24', 2),
(522, '1601081032', '24', 2.75),
(523, '1601081037', '24', 2.5),
(524, '1601082005', '24', 2.75),
(525, '1601082006', '24', 3),
(526, '1601082009', '24', 2.75),
(527, '1601082015', '24', 2.75),
(528, '1601082017', '24', 2.75),
(529, '1601082018', '24', 2.75),
(530, '1601082020', '24', 3.5),
(531, '1601081001', '25', 3),
(532, '1601081002', '25', 2),
(533, '1601081003', '25', 2.5),
(534, '1601081009', '25', 4),
(535, '1601081010', '25', 2),
(536, '1601081018', '25', 4),
(537, '1601081019', '25', 4),
(538, '1601081021', '25', 3.5),
(539, '1601081025', '25', 2),
(540, '1601081026', '25', 4),
(541, '1601081027', '25', 3.75),
(542, '1601081028', '25', 3),
(543, '1601081029', '25', 2),
(544, '1601081032', '25', 3.5),
(545, '1601081037', '25', 2.75),
(546, '1601082005', '25', 3),
(547, '1601082006', '25', 4),
(548, '1601082009', '25', 3.75),
(549, '1601082015', '25', 2),
(550, '1601082017', '25', 2),
(551, '1601082018', '25', 2.5),
(552, '1601082020', '25', 2),
(553, '1601081001', '26', 3),
(554, '1601081002', '26', 2.75),
(555, '1601081003', '26', 2.75),
(556, '1601081009', '26', 3.75),
(557, '1601081010', '26', 3.75),
(558, '1601081018', '26', 3),
(559, '1601081019', '26', 3),
(560, '1601081021', '26', 3.75),
(561, '1601081025', '26', 3),
(562, '1601081026', '26', 4),
(563, '1601081027', '26', 4),
(564, '1601081028', '26', 3),
(565, '1601081029', '26', 2.75),
(566, '1601081032', '26', 3.75),
(567, '1601081037', '26', 3),
(568, '1601082005', '26', 3.75),
(569, '1601082006', '26', 3.75),
(570, '1601082009', '26', 2.75),
(571, '1601082015', '26', 2.75),
(572, '1601082017', '26', 3),
(573, '1601082018', '26', 3.75),
(574, '1601082020', '26', 2.75),
(575, '1601081001', '27', 2.75),
(576, '1601081002', '27', 3.5),
(577, '1601081003', '27', 3),
(578, '1601081009', '27', 3),
(579, '1601081010', '27', 4),
(580, '1601081018', '27', 4),
(581, '1601081019', '27', 4),
(582, '1601081021', '27', 4),
(583, '1601081025', '27', 3),
(584, '1601081026', '27', 3),
(585, '1601081027', '27', 3.75),
(586, '1601081028', '27', 4),
(587, '1601081029', '27', 3.5),
(588, '1601081032', '27', 3.75),
(589, '1601081037', '27', 4),
(590, '1601082005', '27', 3),
(591, '1601082006', '27', 3.5),
(592, '1601082009', '27', 3.75),
(593, '1601082015', '27', 3.75),
(594, '1601082017', '27', 3.75),
(595, '1601082018', '27', 3.75),
(596, '1601082020', '27', 3.75),
(597, '1601081001', '28', 4),
(598, '1601081002', '28', 3.5),
(599, '1601081003', '28', 3),
(600, '1601081009', '28', 3.5),
(601, '1601081010', '28', 4),
(602, '1601081018', '28', 4),
(603, '1601081019', '28', 3.5),
(604, '1601081021', '28', 3.75),
(605, '1601081025', '28', 4),
(606, '1601081026', '28', 3.75),
(607, '1601081027', '28', 3.75),
(608, '1601081028', '28', 3.75),
(609, '1601081029', '28', 3),
(610, '1601081032', '28', 3.5),
(611, '1601081037', '28', 3.75),
(612, '1601082005', '28', 3.5),
(613, '1601082006', '28', 3),
(614, '1601082009', '28', 2),
(615, '1601082015', '28', 3),
(616, '1601082017', '28', 3.75),
(617, '1601082018', '28', 3.75),
(618, '1601082020', '28', 3.75),
(619, '1601081001', '29', 2.75),
(620, '1601081002', '29', 3.75),
(621, '1601081003', '29', 1.75),
(622, '1601081009', '29', 2.75),
(623, '1601081010', '29', 4),
(624, '1601081018', '29', 3.5),
(625, '1601081019', '29', 4),
(626, '1601081021', '29', 3),
(627, '1601081025', '29', 2.75),
(628, '1601081026', '29', 2.75),
(629, '1601081027', '29', 3.5),
(630, '1601081028', '29', 2.75),
(631, '1601081029', '29', 2.75),
(632, '1601081032', '29', 2.75),
(633, '1601081037', '29', 3.75),
(634, '1601082005', '29', 2.75),
(635, '1601082006', '29', 2.75),
(636, '1601082009', '29', 2.75),
(637, '1601082015', '29', 2),
(638, '1601082017', '29', 3),
(639, '1601082018', '29', 3.5),
(640, '1601082020', '29', 4),
(641, '1601081001', '30', 2.5),
(642, '1601081002', '30', 2.75),
(643, '1601081003', '30', 2.75),
(644, '1601081009', '30', 3),
(645, '1601081010', '30', 4),
(646, '1601081018', '30', 3),
(647, '1601081019', '30', 3),
(648, '1601081021', '30', 2.75),
(649, '1601081025', '30', 2.75),
(650, '1601081026', '30', 2.75),
(651, '1601081027', '30', 2.75),
(652, '1601081028', '30', 3),
(653, '1601081029', '30', 2.75),
(654, '1601081032', '30', 2.75),
(655, '1601081037', '30', 3),
(656, '1601082005', '30', 3),
(657, '1601082006', '30', 3.5),
(658, '1601082009', '30', 2.75),
(659, '1601082015', '30', 2.75),
(660, '1601082017', '30', 2.75),
(661, '1601082018', '30', 2.75),
(662, '1601082020', '30', 2.75),
(663, '1601081001', '31', 2),
(664, '1601081002', '31', 2.75),
(665, '1601081003', '31', 2),
(666, '1601081009', '31', 2),
(667, '1601081010', '31', 4),
(668, '1601081018', '31', 2.75),
(669, '1601081019', '31', 3.5),
(670, '1601081021', '31', 4),
(671, '1601081025', '31', 2.75),
(672, '1601081026', '31', 2.75),
(673, '1601081027', '31', 2.75),
(674, '1601081028', '31', 3),
(675, '1601081029', '31', 2.75),
(676, '1601081032', '31', 2.75),
(677, '1601081037', '31', 2.5),
(678, '1601082005', '31', 2.75),
(679, '1601082006', '31', 3),
(680, '1601082009', '31', 4),
(681, '1601082015', '31', 2),
(682, '1601082017', '31', 2),
(683, '1601082018', '31', 2.75),
(684, '1601082020', '31', 2.75),
(685, '1601081001', '32', 2),
(686, '1601081002', '32', 3.5),
(687, '1601081003', '32', 2),
(688, '1601081009', '32', 3),
(689, '1601081010', '32', 4),
(690, '1601081018', '32', 4),
(691, '1601081019', '32', 4),
(692, '1601081021', '32', 4),
(693, '1601081025', '32', 4),
(694, '1601081026', '32', 4),
(695, '1601081027', '32', 4),
(696, '1601081028', '32', 3.75),
(697, '1601081029', '32', 3.75),
(698, '1601081032', '32', 3.5),
(699, '1601081037', '32', 3.75),
(700, '1601082005', '32', 3.5),
(701, '1601082006', '32', 4),
(702, '1601082009', '32', 4),
(703, '1601082015', '32', 4),
(704, '1601082017', '32', 4),
(705, '1601082018', '32', 3.5),
(706, '1601082020', '32', 3.75),
(707, '1601081001', '33', 2.75),
(708, '1601081002', '33', 2.75),
(709, '1601081003', '33', 2.5),
(710, '1601081009', '33', 2.75),
(711, '1601081010', '33', 3),
(712, '1601081018', '33', 2.5),
(713, '1601081019', '33', 2.5),
(714, '1601081021', '33', 2.5),
(715, '1601081025', '33', 2.75),
(716, '1601081026', '33', 2.75),
(717, '1601081027', '33', 4),
(718, '1601081028', '33', 2.75),
(719, '1601081029', '33', 2.75),
(720, '1601081032', '33', 2.5),
(721, '1601081037', '33', 2.75),
(722, '1601082005', '33', 2.75),
(723, '1601082006', '33', 4),
(724, '1601082009', '33', 2.75),
(725, '1601082015', '33', 2.75),
(726, '1601082017', '33', 2.75),
(727, '1601082018', '33', 2.5),
(728, '1601082020', '33', 2.75),
(729, '1601081001', '34', 2.5),
(730, '1601081002', '34', 3),
(731, '1601081003', '34', 1),
(732, '1601081009', '34', 4),
(733, '1601081010', '34', 4),
(734, '1601081018', '34', 3.5),
(735, '1601081019', '34', 4),
(736, '1601081021', '34', 4),
(737, '1601081025', '34', 4),
(738, '1601081026', '34', 4),
(739, '1601081027', '34', 3.5),
(740, '1601081028', '34', 4),
(741, '1601081029', '34', 3),
(742, '1601081032', '34', 3.75),
(743, '1601081037', '34', 3.75),
(744, '1601082005', '34', 3.5),
(745, '1601082006', '34', 3.75),
(746, '1601082009', '34', 4),
(747, '1601082015', '34', 2.75),
(748, '1601082017', '34', 3.75),
(749, '1601082018', '34', 3.5),
(750, '1601082020', '34', 3.75),
(751, '1601081001', '35', 1.75),
(752, '1601081002', '35', 2),
(753, '1601081003', '35', 2),
(754, '1601081009', '35', 2),
(755, '1601081010', '35', 4),
(756, '1601081018', '35', 2.75),
(757, '1601081019', '35', 2.75),
(758, '1601081021', '35', 3.5),
(759, '1601081025', '35', 3.5),
(760, '1601081026', '35', 2),
(761, '1601081027', '35', 2.5),
(762, '1601081028', '35', 3.5),
(763, '1601081029', '35', 2.75),
(764, '1601081032', '35', 2),
(765, '1601081037', '35', 2),
(766, '1601082005', '35', 2),
(767, '1601082006', '35', 2),
(768, '1601082009', '35', 3),
(769, '1601082015', '35', 3),
(770, '1601082017', '35', 2),
(771, '1601082018', '35', 2.75),
(772, '1601082020', '35', 2),
(773, '1601081001', '36', 2.5),
(774, '1601081002', '36', 3),
(775, '1601081003', '36', 2),
(776, '1601081009', '36', 3),
(777, '1601081010', '36', 4),
(778, '1601081018', '36', 3),
(779, '1601081019', '36', 3.5),
(780, '1601081021', '36', 3.75),
(781, '1601081025', '36', 2.75),
(782, '1601081026', '36', 2.5),
(783, '1601081027', '36', 3.5),
(784, '1601081028', '36', 3),
(785, '1601081029', '36', 2.5),
(786, '1601081032', '36', 2),
(787, '1601081037', '36', 3),
(788, '1601082005', '36', 2.5),
(789, '1601082006', '36', 3.5),
(790, '1601082009', '36', 3.5),
(791, '1601082015', '36', 2),
(792, '1601082017', '36', 2),
(793, '1601082018', '36', 2.5),
(794, '1601082020', '36', 2.5),
(795, '1601081001', '37', 3.75),
(796, '1601081002', '37', 4),
(797, '1601081003', '37', 3),
(798, '1601081009', '37', 3),
(799, '1601081010', '37', 2.75),
(800, '1601081018', '37', 2.5),
(801, '1601081019', '37', 3),
(802, '1601081021', '37', 3),
(803, '1601081025', '37', 3),
(804, '1601081026', '37', 2.5),
(805, '1601081027', '37', 2.75),
(806, '1601081028', '37', 2.75),
(807, '1601081029', '37', 3),
(808, '1601081032', '37', 2.75),
(809, '1601081037', '37', 2.75),
(810, '1601082005', '37', 2.75),
(811, '1601082006', '37', 2.75),
(812, '1601082009', '37', 2.75),
(813, '1601082015', '37', 2.75),
(814, '1601082017', '37', 3.5),
(815, '1601082018', '37', 3.5),
(816, '1601082020', '37', 3.5),
(817, '1601081001', '38', 3.5),
(818, '1601081002', '38', 3.75),
(819, '1601081003', '38', 3.5),
(820, '1601081009', '38', 3.5),
(821, '1601081010', '38', 3),
(822, '1601081018', '38', 2.75),
(823, '1601081019', '38', 3.5),
(824, '1601081021', '38', 3),
(825, '1601081025', '38', 3),
(826, '1601081026', '38', 3),
(827, '1601081027', '38', 3),
(828, '1601081028', '38', 3),
(829, '1601081029', '38', 2.75),
(830, '1601081032', '38', 3),
(831, '1601081037', '38', 3.5),
(832, '1601082005', '38', 3),
(833, '1601082006', '38', 2.75),
(834, '1601082009', '38', 2.75),
(835, '1601082015', '38', 3.5),
(836, '1601082017', '38', 3.75),
(837, '1601082018', '38', 3.75),
(838, '1601082020', '38', 3.75),
(839, '1601081001', '39', 3.5),
(840, '1601081002', '39', 3.5),
(841, '1601081003', '39', 2.75),
(842, '1601081009', '39', 3.75),
(843, '1601081010', '39', 4),
(844, '1601081018', '39', 3.75),
(845, '1601081019', '39', 3.5),
(846, '1601081021', '39', 2.75),
(847, '1601081025', '39', 3.5),
(848, '1601081026', '39', 3),
(849, '1601081027', '39', 2.75),
(850, '1601081028', '39', 3),
(851, '1601081029', '39', 3),
(852, '1601081032', '39', 3),
(853, '1601081037', '39', 3.5),
(854, '1601082005', '39', 3),
(855, '1601082006', '39', 3),
(856, '1601082009', '39', 3.5),
(857, '1601082015', '39', 3.75),
(858, '1601082017', '39', 3),
(859, '1601082018', '39', 3),
(860, '1601082020', '39', 3),
(861, '1601081001', '40', 3),
(862, '1601081002', '40', 2.75),
(863, '1601081003', '40', 2.75),
(864, '1601081009', '40', 3),
(865, '1601081010', '40', 2.5),
(866, '1601081018', '40', 3),
(867, '1601081019', '40', 2.5),
(868, '1601081021', '40', 2.75),
(869, '1601081025', '40', 1.75),
(870, '1601081026', '40', 2.75),
(871, '1601081027', '40', 3),
(872, '1601081028', '40', 2.5),
(873, '1601081029', '40', 3),
(874, '1601081032', '40', 2.5),
(875, '1601081037', '40', 3),
(876, '1601082005', '40', 2.75),
(877, '1601082006', '40', 3),
(878, '1601082009', '40', 2.75),
(879, '1601082015', '40', 3),
(880, '1601082017', '40', 3),
(881, '1601082018', '40', 2.75),
(882, '1601082020', '40', 3),
(883, '1601081001', '41', 2.75),
(884, '1601081002', '41', 3.5),
(885, '1601081003', '41', 3),
(886, '1601081009', '41', 3),
(887, '1601081010', '41', 3),
(888, '1601081018', '41', 2.5),
(889, '1601081019', '41', 2.75),
(890, '1601081021', '41', 2.5),
(891, '1601081025', '41', 2.5),
(892, '1601081026', '41', 2.75),
(893, '1601081027', '41', 2.75),
(894, '1601081028', '41', 2.75),
(895, '1601081029', '41', 2),
(896, '1601081032', '41', 3.5),
(897, '1601081037', '41', 2),
(898, '1601082005', '41', 2.5),
(899, '1601082006', '41', 3),
(900, '1601082009', '41', 3.5),
(901, '1601082015', '41', 2.75),
(902, '1601082017', '41', 2.75),
(903, '1601082018', '41', 3),
(904, '1601082020', '41', 2.75),
(905, '1601081001', '42', 2.75),
(906, '1601081002', '42', 3.5),
(907, '1601081003', '42', 3),
(908, '1601081009', '42', 3),
(909, '1601081010', '42', 3),
(910, '1601081018', '42', 2.5),
(911, '1601081019', '42', 2.75),
(912, '1601081021', '42', 2.5),
(913, '1601081025', '42', 2.5),
(914, '1601081026', '42', 2.75),
(915, '1601081027', '42', 2.75),
(916, '1601081028', '42', 2.75),
(917, '1601081029', '42', 2),
(918, '1601081032', '42', 3.5),
(919, '1601081037', '42', 2),
(920, '1601082005', '42', 2.5),
(921, '1601082006', '42', 3),
(922, '1601082009', '42', 3.5),
(923, '1601082015', '42', 2.75),
(924, '1601082017', '42', 2.75),
(925, '1601082018', '42', 3),
(926, '1601082020', '42', 2.75);

-- --------------------------------------------------------

--
-- Table structure for table `nilai_mahasiswa`
--

CREATE TABLE `nilai_mahasiswa` (
  `id_nilai` int(11) NOT NULL,
  `nilai_nim` varchar(10) DEFAULT NULL,
  `nilai_kode_matakuliah` varchar(10) DEFAULT NULL,
  `nilai` float DEFAULT NULL
) ENGINE=InnoDB DEFAULT CHARSET=latin1;

--
-- Dumping data for table `nilai_mahasiswa`
--

INSERT INTO `nilai_mahasiswa` (`id_nilai`, `nilai_nim`, `nilai_kode_matakuliah`, `nilai`) VALUES
(1, '1601081001', 'CE 2103', 2),
(2, '1601081002', 'CE 2103', 2),
(3, '1601081003', 'CE 2103', 1),
(4, '1601081009', 'CE 2103', 4),
(5, '1601081010', 'CE 2103', 2.5),
(6, '1601081018', 'CE 2103', 2),
(7, '1601081019', 'CE 2103', 4),
(8, '1601081021', 'CE 2103', 2),
(9, '1601081025', 'CE 2103', 1),
(10, '1601081026', 'CE 2103', 2),
(11, '1601081027', 'CE 2103', 3.75),
(12, '1601081028', 'CE 2103', 1),
(13, '1601081029', 'CE 2103', 1),
(14, '1601081032', 'CE 2103', 1.75),
(15, '1601081037', 'CE 2103', 2.75),
(16, '1601082005', 'CE 2103', 2.75),
(17, '1601082006', 'CE 2103', 2.75),
(18, '1601082009', 'CE 2103', 2.5),
(19, '1601082015', 'CE 2103', 3),
(20, '1601082017', 'CE 2103', 2.5),
(21, '1601082018', 'CE 2103', 3.5),
(22, '1601082020', 'CE 2103', 3.5),
(23, '1601081001', 'CE 2201', 2.75),
(24, '1601081002', 'CE 2201', 1.75),
(25, '1601081003', 'CE 2201', 2),
(26, '1601081009', 'CE 2201', 4),
(27, '1601081010', 'CE 2201', 2.5),
(28, '1601081018', 'CE 2201', 4),
(29, '1601081019', 'CE 2201', 4),
(30, '1601081021', 'CE 2201', 2),
(31, '1601081025', 'CE 2201', 1.75),
(32, '1601081026', 'CE 2201', 4),
(33, '1601081027', 'CE 2201', 4),
(34, '1601081028', 'CE 2201', 3),
(35, '1601081029', 'CE 2201', 2.5),
(36, '1601081032', 'CE 2201', 2),
(37, '1601081037', 'CE 2201', 2.5),
(38, '1601082005', 'CE 2201', 4),
(39, '1601082006', 'CE 2201', 3.75),
(40, '1601082009', 'CE 2201', 2.75),
(41, '1601082015', 'CE 2201', 2),
(42, '1601082017', 'CE 2201', 2.5),
(43, '1601082018', 'CE 2201', 2.5),
(44, '1601082020', 'CE 2201', 4),
(45, '1601081001', 'CE 2202', 2.75),
(46, '1601081002', 'CE 2202', 2.75),
(47, '1601081003', 'CE 2202', 2.75),
(48, '1601081009', 'CE 2202', 4),
(49, '1601081010', 'CE 2202', 2.5),
(50, '1601081018', 'CE 2202', 4),
(51, '1601081019', 'CE 2202', 4),
(52, '1601081021', 'CE 2202', 4),
(53, '1601081025', 'CE 2202', 2.5),
(54, '1601081026', 'CE 2202', 3.75),
(55, '1601081027', 'CE 2202', 4),
(56, '1601081028', 'CE 2202', 3),
(57, '1601081029', 'CE 2202', 2.75),
(58, '1601081032', 'CE 2202', 3),
(59, '1601081037', 'CE 2202', 2.75),
(60, '1601082005', 'CE 2202', 3.75),
(61, '1601082006', 'CE 2202', 4),
(62, '1601082009', 'CE 2202', 3),
(63, '1601082015', 'CE 2202', 2.5),
(64, '1601082017', 'CE 2202', 3.5),
(65, '1601082018', 'CE 2202', 3),
(66, '1601082020', 'CE 2202', 2.75),
(67, '1601081001', 'CE 2301', 3.5),
(68, '1601081002', 'CE 2301', 1.75),
(69, '1601081003', 'CE 2301', 2),
(70, '1601081009', 'CE 2301', 4),
(71, '1601081010', 'CE 2301', 3),
(72, '1601081018', 'CE 2301', 4),
(73, '1601081019', 'CE 2301', 4),
(74, '1601081021', 'CE 2301', 2.5),
(75, '1601081025', 'CE 2301', 1.75),
(76, '1601081026', 'CE 2301', 4),
(77, '1601081027', 'CE 2301', 4),
(78, '1601081028', 'CE 2301', 3),
(79, '1601081029', 'CE 2301', 1.75),
(80, '1601081032', 'CE 2301', 2),
(81, '1601081037', 'CE 2301', 2),
(82, '1601082005', 'CE 2301', 4),
(83, '1601082006', 'CE 2301', 4),
(84, '1601082009', 'CE 2301', 3.5),
(85, '1601082015', 'CE 2301', 1.75),
(86, '1601082017', 'CE 2301', 2),
(87, '1601082018', 'CE 2301', 3),
(88, '1601082020', 'CE 2301', 3.75),
(89, '1601081001', 'CE 2501', 3.5),
(90, '1601081002', 'CE 2501', 1.75),
(91, '1601081003', 'CE 2501', 2.5),
(92, '1601081009', 'CE 2501', 4),
(93, '1601081010', 'CE 2501', 3.75),
(94, '1601081018', 'CE 2501', 3.75),
(95, '1601081019', 'CE 2501', 3),
(96, '1601081021', 'CE 2501', 2.75),
(97, '1601081025', 'CE 2501', 2),
(98, '1601081026', 'CE 2501', 3.5),
(99, '1601081027', 'CE 2501', 3.75),
(100, '1601081028', 'CE 2501', 2.5),
(101, '1601081029', 'CE 2501', 2.5),
(102, '1601081032', 'CE 2501', 3),
(103, '1601081037', 'CE 2501', 3.75),
(104, '1601082005', 'CE 2501', 2.75),
(105, '1601082006', 'CE 2501', 3.5),
(106, '1601082009', 'CE 2501', 3.5),
(107, '1601082015', 'CE 2501', 3.5),
(108, '1601082017', 'CE 2501', 3),
(109, '1601082018', 'CE 2501', 3),
(110, '1601082020', 'CE 2501', 3.5),
(111, '1601081001', 'CE 3101', 3),
(112, '1601081002', 'CE 3101', 2),
(113, '1601081003', 'CE 3101', 2.5),
(114, '1601081009', 'CE 3101', 4),
(115, '1601081010', 'CE 3101', 2.75),
(116, '1601081018', 'CE 3101', 2.75),
(117, '1601081019', 'CE 3101', 2.75),
(118, '1601081021', 'CE 3101', 2.5),
(119, '1601081025', 'CE 3101', 2),
(120, '1601081026', 'CE 3101', 2.75),
(121, '1601081027', 'CE 3101', 3.5),
(122, '1601081028', 'CE 3101', 2.75),
(123, '1601081029', 'CE 3101', 2.5),
(124, '1601081032', 'CE 3101', 2.75),
(125, '1601081037', 'CE 3101', 2.5),
(126, '1601082005', 'CE 3101', 2),
(127, '1601082006', 'CE 3101', 2.75),
(128, '1601082009', 'CE 3101', 2),
(129, '1601082015', 'CE 3101', 2.75),
(130, '1601082017', 'CE 3101', 3.75),
(131, '1601082018', 'CE 3101', 2.75),
(132, '1601082020', 'CE 3101', 3.5),
(133, '1601081001', 'CE 3201', 3),
(134, '1601081002', 'CE 3201', 2.75),
(135, '1601081003', 'CE 3201', 2),
(136, '1601081009', 'CE 3201', 4),
(137, '1601081010', 'CE 3201', 4),
(138, '1601081018', 'CE 3201', 3.5),
(139, '1601081019', 'CE 3201', 3.75),
(140, '1601081021', 'CE 3201', 2.75),
(141, '1601081025', 'CE 3201', 1.75),
(142, '1601081026', 'CE 3201', 2.5),
(143, '1601081027', 'CE 3201', 2.75),
(144, '1601081028', 'CE 3201', 2.75),
(145, '1601081029', 'CE 3201', 2.5),
(146, '1601081032', 'CE 3201', 3),
(147, '1601081037', 'CE 3201', 4),
(148, '1601082005', 'CE 3201', 4),
(149, '1601082006', 'CE 3201', 1.75),
(150, '1601082009', 'CE 3201', 1.75),
(151, '1601082015', 'CE 3201', 3.75),
(152, '1601082017', 'CE 3201', 3.5),
(153, '1601082018', 'CE 3201', 4),
(154, '1601082020', 'CE 3201', 3),
(155, '1601081001', 'CE 3202', 2.75),
(156, '1601081002', 'CE 3202', 2),
(157, '1601081003', 'CE 3202', 1.75),
(158, '1601081009', 'CE 3202', 4),
(159, '1601081010', 'CE 3202', 3),
(160, '1601081018', 'CE 3202', 3),
(161, '1601081019', 'CE 3202', 4),
(162, '1601081021', 'CE 3202', 1.75),
(163, '1601081025', 'CE 3202', 1.75),
(164, '1601081026', 'CE 3202', 4),
(165, '1601081027', 'CE 3202', 4),
(166, '1601081028', 'CE 3202', 2.75),
(167, '1601081029', 'CE 3202', 1.75),
(168, '1601081032', 'CE 3202', 2),
(169, '1601081037', 'CE 3202', 2),
(170, '1601082005', 'CE 3202', 4),
(171, '1601082006', 'CE 3202', 2.75),
(172, '1601082009', 'CE 3202', 2),
(173, '1601082015', 'CE 3202', 1.75),
(174, '1601082017', 'CE 3202', 2.5),
(175, '1601082018', 'CE 3202', 2.75),
(176, '1601082020', 'CE 3202', 4),
(177, '1601081001', 'CE 3204', 2),
(178, '1601081002', 'CE 3204', 1),
(179, '1601081003', 'CE 3204', 2.75),
(180, '1601081009', 'CE 3204', 4),
(181, '1601081010', 'CE 3204', 2),
(182, '1601081018', 'CE 3204', 4),
(183, '1601081019', 'CE 3204', 3.75),
(184, '1601081021', 'CE 3204', 2),
(185, '1601081025', 'CE 3204', 2),
(186, '1601081026', 'CE 3204', 4),
(187, '1601081027', 'CE 3204', 4),
(188, '1601081028', 'CE 3204', 3.75),
(189, '1601081029', 'CE 3204', 2.75),
(190, '1601081032', 'CE 3204', 3.75),
(191, '1601081037', 'CE 3204', 2),
(192, '1601082005', 'CE 3204', 3.5),
(193, '1601082006', 'CE 3204', 3.5),
(194, '1601082009', 'CE 3204', 1.75),
(195, '1601082015', 'CE 3204', 2),
(196, '1601082017', 'CE 3204', 3),
(197, '1601082018', 'CE 3204', 2),
(198, '1601082020', 'CE 3204', 3.75),
(199, '1601081001', 'CE 3301', 3),
(200, '1601081002', 'CE 3301', 2.5),
(201, '1601081003', 'CE 3301', 2.5),
(202, '1601081009', 'CE 3301', 4),
(203, '1601081010', 'CE 3301', 2.75),
(204, '1601081018', 'CE 3301', 2.75),
(205, '1601081019', 'CE 3301', 4),
(206, '1601081021', 'CE 3301', 2.75),
(207, '1601081025', 'CE 3301', 2.5),
(208, '1601081026', 'CE 3301', 4),
(209, '1601081027', 'CE 3301', 3.75),
(210, '1601081028', 'CE 3301', 2.75),
(211, '1601081029', 'CE 3301', 2.5),
(212, '1601081032', 'CE 3301', 2.75),
(213, '1601081037', 'CE 3301', 3.5),
(214, '1601082005', 'CE 3301', 3.5),
(215, '1601082006', 'CE 3301', 3.5),
(216, '1601082009', 'CE 3301', 2.5),
(217, '1601082015', 'CE 3301', 2.5),
(218, '1601082017', 'CE 3301', 2.75),
(219, '1601082018', 'CE 3301', 3.5),
(220, '1601082020', 'CE 3301', 3.5),
(221, '1601081001', 'CE 3302', 3.5),
(222, '1601081002', 'CE 3302', 3),
(223, '1601081003', 'CE 3302', 3.75),
(224, '1601081009', 'CE 3302', 4),
(225, '1601081010', 'CE 3302', 3.5),
(226, '1601081018', 'CE 3302', 3.5),
(227, '1601081019', 'CE 3302', 4),
(228, '1601081021', 'CE 3302', 3.5),
(229, '1601081025', 'CE 3302', 3.5),
(230, '1601081026', 'CE 3302', 3),
(231, '1601081027', 'CE 3302', 3.75),
(232, '1601081028', 'CE 3302', 3.5),
(233, '1601081029', 'CE 3302', 3.5),
(234, '1601081032', 'CE 3302', 3.5),
(235, '1601081037', 'CE 3302', 3),
(236, '1601082005', 'CE 3302', 3.5),
(237, '1601082006', 'CE 3302', 3.5),
(238, '1601082009', 'CE 3302', 3.75),
(239, '1601082015', 'CE 3302', 3),
(240, '1601082017', 'CE 3302', 3.5),
(241, '1601082018', 'CE 3302', 3.75),
(242, '1601082020', 'CE 3302', 3.5),
(243, '1601081001', 'CE 3303', 2),
(244, '1601081002', 'CE 3303', 1),
(245, '1601081003', 'CE 3303', 1.75),
(246, '1601081009', 'CE 3303', 4),
(247, '1601081010', 'CE 3303', 2),
(248, '1601081018', 'CE 3303', 3),
(249, '1601081019', 'CE 3303', 4),
(250, '1601081021', 'CE 3303', 2.75),
(251, '1601081025', 'CE 3303', 1),
(252, '1601081026', 'CE 3303', 4),
(253, '1601081027', 'CE 3303', 3.75),
(254, '1601081028', 'CE 3303', 2.75),
(255, '1601081029', 'CE 3303', 1.75),
(256, '1601081032', 'CE 3303', 2.5),
(257, '1601081037', 'CE 3303', 2),
(258, '1601082005', 'CE 3303', 3.75),
(259, '1601082006', 'CE 3303', 3.75),
(260, '1601082009', 'CE 3303', 2.5),
(261, '1601082015', 'CE 3303', 2),
(262, '1601082017', 'CE 3303', 1.75),
(263, '1601082018', 'CE 3303', 2.5),
(264, '1601082020', 'CE 3303', 2.75),
(265, '1601081001', 'CE 3304', 2),
(266, '1601081002', 'CE 3304', 1),
(267, '1601081003', 'CE 3304', 2.5),
(268, '1601081009', 'CE 3304', 4),
(269, '1601081010', 'CE 3304', 3),
(270, '1601081018', 'CE 3304', 4),
(271, '1601081019', 'CE 3304', 4),
(272, '1601081021', 'CE 3304', 4),
(273, '1601081025', 'CE 3304', 2),
(274, '1601081026', 'CE 3304', 4),
(275, '1601081027', 'CE 3304', 4),
(276, '1601081028', 'CE 3304', 2.5),
(277, '1601081029', 'CE 3304', 1.75),
(278, '1601081032', 'CE 3304', 2.5),
(279, '1601081037', 'CE 3304', 2),
(280, '1601082005', 'CE 3304', 4),
(281, '1601082006', 'CE 3304', 4),
(282, '1601082009', 'CE 3304', 3),
(283, '1601082015', 'CE 3304', 3.75),
(284, '1601082017', 'CE 3304', 2.5),
(285, '1601082018', 'CE 3304', 3),
(286, '1601082020', 'CE 3304', 2),
(287, '1601081001', 'CE 3305', 3.75),
(288, '1601081002', 'CE 3305', 2.5),
(289, '1601081003', 'CE 3305', 3.75),
(290, '1601081009', 'CE 3305', 4),
(291, '1601081010', 'CE 3305', 3.75),
(292, '1601081018', 'CE 3305', 3.75),
(293, '1601081019', 'CE 3305', 3.75),
(294, '1601081021', 'CE 3305', 3.75),
(295, '1601081025', 'CE 3305', 3.75),
(296, '1601081026', 'CE 3305', 4),
(297, '1601081027', 'CE 3305', 3.75),
(298, '1601081028', 'CE 3305', 3),
(299, '1601081029', 'CE 3305', 3.75),
(300, '1601081032', 'CE 3305', 3.5),
(301, '1601081037', 'CE 3305', 3.75),
(302, '1601082005', 'CE 3305', 3.75),
(303, '1601082006', 'CE 3305', 3.75),
(304, '1601082009', 'CE 3305', 3.75),
(305, '1601082015', 'CE 3305', 3.5),
(306, '1601082017', 'CE 3305', 3.75),
(307, '1601082018', 'CE 3305', 3.5),
(308, '1601082020', 'CE 3305', 3.5),
(309, '1601081001', 'CE 3401', 3),
(310, '1601081002', 'CE 3401', 1),
(311, '1601081003', 'CE 3401', 2.75),
(312, '1601081009', 'CE 3401', 4),
(313, '1601081010', 'CE 3401', 3),
(314, '1601081018', 'CE 3401', 4),
(315, '1601081019', 'CE 3401', 3.5),
(316, '1601081021', 'CE 3401', 4),
(317, '1601081025', 'CE 3401', 3.75),
(318, '1601081026', 'CE 3401', 1.75),
(319, '1601081027', 'CE 3401', 3.5),
(320, '1601081028', 'CE 3401', 2.75),
(321, '1601081029', 'CE 3401', 3),
(322, '1601081032', 'CE 3401', 2),
(323, '1601081037', 'CE 3401', 3),
(324, '1601082005', 'CE 3401', 3),
(325, '1601082006', 'CE 3401', 3.75),
(326, '1601082009', 'CE 3401', 2.5),
(327, '1601082015', 'CE 3401', 2),
(328, '1601082017', 'CE 3401', 2.75),
(329, '1601082018', 'CE 3401', 3),
(330, '1601082020', 'CE 3401', 3.75),
(331, '1601081001', 'CE 3402', 3),
(332, '1601081002', 'CE 3402', 2.75),
(333, '1601081003', 'CE 3402', 3.5),
(334, '1601081009', 'CE 3402', 4),
(335, '1601081010', 'CE 3402', 3.5),
(336, '1601081018', 'CE 3402', 3.5),
(337, '1601081019', 'CE 3402', 3.75),
(338, '1601081021', 'CE 3402', 3.75),
(339, '1601081025', 'CE 3402', 3.5),
(340, '1601081026', 'CE 3402', 4),
(341, '1601081027', 'CE 3402', 3.75),
(342, '1601081028', 'CE 3402', 3.5),
(343, '1601081029', 'CE 3402', 3.5),
(344, '1601081032', 'CE 3402', 3.5),
(345, '1601081037', 'CE 3402', 3.75),
(346, '1601082005', 'CE 3402', 3.75),
(347, '1601082006', 'CE 3402', 3.75),
(348, '1601082009', 'CE 3402', 3.5),
(349, '1601082015', 'CE 3402', 3.5),
(350, '1601082017', 'CE 3402', 3.5),
(351, '1601082018', 'CE 3402', 3),
(352, '1601082020', 'CE 3402', 3.75),
(353, '1601081001', 'CE 3403', 4),
(354, '1601081002', 'CE 3403', 3),
(355, '1601081003', 'CE 3403', 4),
(356, '1601081009', 'CE 3403', 4),
(357, '1601081010', 'CE 3403', 3.5),
(358, '1601081018', 'CE 3403', 3.75),
(359, '1601081019', 'CE 3403', 4),
(360, '1601081021', 'CE 3403', 3.5),
(361, '1601081025', 'CE 3403', 3),
(362, '1601081026', 'CE 3403', 3.75),
(363, '1601081027', 'CE 3403', 3.75),
(364, '1601081028', 'CE 3403', 3),
(365, '1601081029', 'CE 3403', 3),
(366, '1601081032', 'CE 3403', 4),
(367, '1601081037', 'CE 3403', 3.5),
(368, '1601082005', 'CE 3403', 3.5),
(369, '1601082006', 'CE 3403', 3.75),
(370, '1601082009', 'CE 3403', 3.75),
(371, '1601082015', 'CE 3403', 3.75),
(372, '1601082017', 'CE 3403', 3.75),
(373, '1601082018', 'CE 3403', 3.5),
(374, '1601082020', 'CE 3403', 4),
(375, '1601081001', 'CE 3404', 3),
(376, '1601081002', 'CE 3404', 2.5),
(377, '1601081003', 'CE 3404', 3.5),
(378, '1601081009', 'CE 3404', 4),
(379, '1601081010', 'CE 3404', 3),
(380, '1601081018', 'CE 3404', 3.5),
(381, '1601081019', 'CE 3404', 3.5),
(382, '1601081021', 'CE 3404', 3.75),
(383, '1601081025', 'CE 3404', 3.5),
(384, '1601081026', 'CE 3404', 3),
(385, '1601081027', 'CE 3404', 4),
(386, '1601081028', 'CE 3404', 2.75),
(387, '1601081029', 'CE 3404', 2.75),
(388, '1601081032', 'CE 3404', 3),
(389, '1601081037', 'CE 3404', 3),
(390, '1601082005', 'CE 3404', 3),
(391, '1601082006', 'CE 3404', 3.75),
(392, '1601082009', 'CE 3404', 3.5),
(393, '1601082015', 'CE 3404', 3),
(394, '1601082017', 'CE 3404', 3),
(395, '1601082018', 'CE 3404', 4),
(396, '1601082020', 'CE 3404', 3.5),
(397, '1601081001', 'CE 3501', 3),
(398, '1601081002', 'CE 3501', 3),
(399, '1601081003', 'CE 3501', 2.75),
(400, '1601081009', 'CE 3501', 4),
(401, '1601081010', 'CE 3501', 3.75),
(402, '1601081018', 'CE 3501', 3),
(403, '1601081019', 'CE 3501', 4),
(404, '1601081021', 'CE 3501', 3),
(405, '1601081025', 'CE 3501', 3),
(406, '1601081026', 'CE 3501', 3.5),
(407, '1601081027', 'CE 3501', 3.5),
(408, '1601081028', 'CE 3501', 3),
(409, '1601081029', 'CE 3501', 3.5),
(410, '1601081032', 'CE 3501', 3.5),
(411, '1601081037', 'CE 3501', 3),
(412, '1601082005', 'CE 3501', 3),
(413, '1601082006', 'CE 3501', 2.75),
(414, '1601082009', 'CE 3501', 3),
(415, '1601082015', 'CE 3501', 3.5),
(416, '1601082017', 'CE 3501', 3),
(417, '1601082018', 'CE 3501', 2.75),
(418, '1601082020', 'CE 3501', 3.5),
(419, '1601081001', 'CE 4101', 2),
(420, '1601081002', 'CE 4101', 2),
(421, '1601081003', 'CE 4101', 2),
(422, '1601081009', 'CE 4101', 4),
(423, '1601081010', 'CE 4101', 2.75),
(424, '1601081018', 'CE 4101', 2.75),
(425, '1601081019', 'CE 4101', 3.75),
(426, '1601081021', 'CE 4101', 2),
(427, '1601081025', 'CE 4101', 2.5),
(428, '1601081026', 'CE 4101', 2.5),
(429, '1601081027', 'CE 4101', 2.5),
(430, '1601081028', 'CE 4101', 2),
(431, '1601081029', 'CE 4101', 3),
(432, '1601081032', 'CE 4101', 2.5),
(433, '1601081037', 'CE 4101', 3),
(434, '1601082005', 'CE 4101', 2.75),
(435, '1601082006', 'CE 4101', 2.5),
(436, '1601082009', 'CE 4101', 2),
(437, '1601082015', 'CE 4101', 2.75),
(438, '1601082017', 'CE 4101', 2),
(439, '1601082018', 'CE 4101', 2),
(440, '1601082020', 'CE 4101', 2.75),
(441, '1601081001', 'CE 4102', 2.75),
(442, '1601081002', 'CE 4102', 2.5),
(443, '1601081003', 'CE 4102', 2.75),
(444, '1601081009', 'CE 4102', 4),
(445, '1601081010', 'CE 4102', 3),
(446, '1601081018', 'CE 4102', 2.5),
(447, '1601081019', 'CE 4102', 3.75),
(448, '1601081021', 'CE 4102', 3.75),
(449, '1601081025', 'CE 4102', 3),
(450, '1601081026', 'CE 4102', 4),
(451, '1601081027', 'CE 4102', 4),
(452, '1601081028', 'CE 4102', 3),
(453, '1601081029', 'CE 4102', 2.5),
(454, '1601081032', 'CE 4102', 3.5),
(455, '1601081037', 'CE 4102', 3),
(456, '1601082005', 'CE 4102', 3),
(457, '1601082006', 'CE 4102', 3.75),
(458, '1601082009', 'CE 4102', 2.5),
(459, '1601082015', 'CE 4102', 3),
(460, '1601082017', 'CE 4102', 2.75),
(461, '1601082018', 'CE 4102', 3),
(462, '1601082020', 'CE 4102', 3.75),
(463, '1601081001', 'CE 4103', 2),
(464, '1601081002', 'CE 4103', 2),
(465, '1601081003', 'CE 4101', 2),
(466, '1601081009', 'CE 4101', 4),
(467, '1601081010', 'CE 4103', 3.5),
(468, '1601081018', 'CE 4103', 2.5),
(469, '1601081019', 'CE 4103', 4),
(470, '1601081021', 'CE 4103', 3),
(471, '1601081025', 'CE 4103', 2),
(472, '1601081026', 'CE 4103', 2.5),
(473, '1601081027', 'CE 4103', 3),
(474, '1601081028', 'CE 4103', 2.75),
(475, '1601081029', 'CE 4103', 2),
(476, '1601081032', 'CE 4103', 2),
(477, '1601081037', 'CE 4103', 2),
(478, '1601082005', 'CE 4103', 2),
(479, '1601082006', 'CE 4103', 4),
(480, '1601082009', 'CE 4103', 2),
(481, '1601082015', 'CE 4103', 3),
(482, '1601082017', 'CE 4103', 2),
(483, '1601082018', 'CE 4103', 2),
(484, '1601082020', 'CE 4103', 2),
(485, '1601081001', 'CE 4201', 2.75),
(486, '1601081002', 'CE 4201', 2),
(487, '1601081003', 'CE 4201', 2.5),
(488, '1601081009', 'CE 4201', 4),
(489, '1601081010', 'CE 4201', 2.75),
(490, '1601081018', 'CE 4201', 3.5),
(491, '1601081019', 'CE 4201', 2.75),
(492, '1601081021', 'CE 4201', 4),
(493, '1601081025', 'CE 4201', 3.5),
(494, '1601081026', 'CE 4201', 2.75),
(495, '1601081027', 'CE 4201', 4),
(496, '1601081028', 'CE 4201', 2.75),
(497, '1601081029', 'CE 4201', 2),
(498, '1601081032', 'CE 4201', 4),
(499, '1601081037', 'CE 4201', 2.75),
(500, '1601082005', 'CE 4201', 2.5),
(501, '1601082006', 'CE 4201', 2.75),
(502, '1601082009', 'CE 4201', 2.5),
(503, '1601082015', 'CE 4201', 4),
(504, '1601082017', 'CE 4201', 2.5),
(505, '1601082018', 'CE 4201', 3.75),
(506, '1601082020', 'CE 4201', 3.5),
(507, '1601081001', 'CE 4202', 2.75),
(508, '1601081002', 'CE 4202', 2),
(509, '1601081003', 'CE 4202', 2.75),
(510, '1601081009', 'CE 4202', 4),
(511, '1601081010', 'CE 4202', 2.5),
(512, '1601081018', 'CE 4202', 3.75),
(513, '1601081019', 'CE 4202', 3.75),
(514, '1601081021', 'CE 4202', 3.5),
(515, '1601081025', 'CE 4202', 2.5),
(516, '1601081026', 'CE 4202', 3.75),
(517, '1601081027', 'CE 4202', 3.5),
(518, '1601081028', 'CE 4202', 3.5),
(519, '1601081029', 'CE 4202', 2),
(520, '1601081032', 'CE 4202', 2.75),
(521, '1601081037', 'CE 4202', 2.5),
(522, '1601082005', 'CE 4202', 2.75),
(523, '1601082006', 'CE 4202', 3),
(524, '1601082009', 'CE 4202', 2.75),
(525, '1601082015', 'CE 4202', 2.75),
(526, '1601082017', 'CE 4202', 2.75),
(527, '1601082018', 'CE 4202', 2.75),
(528, '1601082020', 'CE 4202', 3.5),
(529, '1601081001', 'CE 4203', 3),
(530, '1601081002', 'CE 4203', 2),
(531, '1601081003', 'CE 4203', 2.5),
(532, '1601081009', 'CE 4203', 4),
(533, '1601081010', 'CE 4203', 2),
(534, '1601081018', 'CE 4203', 4),
(535, '1601081019', 'CE 4203', 4),
(536, '1601081021', 'CE 4203', 3.5),
(537, '1601081025', 'CE 4203', 2),
(538, '1601081026', 'CE 4203', 4),
(539, '1601081027', 'CE 4203', 3.75),
(540, '1601081028', 'CE 4203', 3),
(541, '1601081029', 'CE 4203', 2),
(542, '1601081032', 'CE 4203', 3.5),
(543, '1601081037', 'CE 4203', 2.75),
(544, '1601082005', 'CE 4203', 3),
(545, '1601082006', 'CE 4203', 4),
(546, '1601082009', 'CE 4203', 3.75),
(547, '1601082015', 'CE 4203', 2),
(548, '1601082017', 'CE 4203', 2),
(549, '1601082018', 'CE 4203', 2.5),
(550, '1601082020', 'CE 4203', 2),
(551, '1601081001', 'CE 4204', 3),
(552, '1601081002', 'CE 4204', 2.75),
(553, '1601081003', 'CE 4204', 2.75),
(554, '1601081009', 'CE 4204', 3.75),
(555, '1601081010', 'CE 4204', 3.75),
(556, '1601081018', 'CE 4204', 3),
(557, '1601081019', 'CE 4204', 3),
(558, '1601081021', 'CE 4204', 3.75),
(559, '1601081025', 'CE 4204', 3),
(560, '1601081026', 'CE 4204', 4),
(561, '1601081027', 'CE 4204', 4),
(562, '1601081028', 'CE 4204', 3),
(563, '1601081029', 'CE 4204', 2.75),
(564, '1601081032', 'CE 4204', 3.75),
(565, '1601081037', 'CE 4204', 3),
(566, '1601082005', 'CE 4204', 3.75),
(567, '1601082006', 'CE 4204', 3.75),
(568, '1601082009', 'CE 4204', 2.75),
(569, '1601082015', 'CE 4204', 2.75),
(570, '1601082017', 'CE 4204', 3),
(571, '1601082018', 'CE 4204', 3.75),
(572, '1601082020', 'CE 4204', 2.75),
(573, '1601081001', 'CE 4205', 2.75),
(574, '1601081002', 'CE 4205', 3.5),
(575, '1601081003', 'CE 4205', 3),
(576, '1601081009', 'CE 4205', 3),
(577, '1601081010', 'CE 4205', 4),
(578, '1601081018', 'CE 4205', 4),
(579, '1601081019', 'CE 4205', 4),
(580, '1601081021', 'CE 4205', 4),
(581, '1601081025', 'CE 4205', 3),
(582, '1601081026', 'CE 4205', 3),
(583, '1601081027', 'CE 4205', 3.75),
(584, '1601081028', 'CE 4205', 4),
(585, '1601081029', 'CE 4205', 3.5),
(586, '1601081032', 'CE 4205', 3.75),
(587, '1601081037', 'CE 4205', 4),
(588, '1601082005', 'CE 4205', 3),
(589, '1601082006', 'CE 4205', 3.5),
(590, '1601082009', 'CE 4205', 3.75),
(591, '1601082015', 'CE 4205', 3.75),
(592, '1601082017', 'CE 4205', 3.75),
(593, '1601082018', 'CE 4205', 3.75),
(594, '1601082020', 'CE 4205', 3.75),
(595, '1601081001', 'CE 4301', 4),
(596, '1601081002', 'CE 4301', 3.5),
(597, '1601081003', 'CE 4301', 3),
(598, '1601081009', 'CE 4301', 3.5),
(599, '1601081010', 'CE 4301', 4),
(600, '1601081018', 'CE 4301', 4),
(601, '1601081019', 'CE 4301', 3.5),
(602, '1601081021', 'CE 4301', 3.75),
(603, '1601081025', 'CE 4301', 4),
(604, '1601081026', 'CE 4301', 3.75),
(605, '1601081027', 'CE 4301', 3.75),
(606, '1601081028', 'CE 4301', 3.75),
(607, '1601081029', 'CE 4301', 3),
(608, '1601081032', 'CE 4301', 3.5),
(609, '1601081037', 'CE 4301', 3.75),
(610, '1601082005', 'CE 4301', 3.5),
(611, '1601082006', 'CE 4301', 3),
(612, '1601082009', 'CE 4301', 2),
(613, '1601082015', 'CE 4301', 3),
(614, '1601082017', 'CE 4301', 3.75),
(615, '1601082018', 'CE 4301', 3.75),
(616, '1601082020', 'CE 4301', 3.75),
(617, '1601081001', 'CE 4302', 2.75),
(618, '1601081002', 'CE 4302', 3.75),
(619, '1601081003', 'CE 4302', 1.75),
(620, '1601081009', 'CE 4302', 2.75),
(621, '1601081010', 'CE 4302', 4),
(622, '1601081018', 'CE 4302', 3.5),
(623, '1601081019', 'CE 4302', 4),
(624, '1601081021', 'CE 4302', 3),
(625, '1601081025', 'CE 4302', 2.75),
(626, '1601081026', 'CE 4302', 2.75),
(627, '1601081027', 'CE 4302', 3.5),
(628, '1601081028', 'CE 4302', 2.75),
(629, '1601081029', 'CE 4302', 2.75),
(630, '1601081032', 'CE 4302', 2.75),
(631, '1601081037', 'CE 4302', 3.75),
(632, '1601082005', 'CE 4302', 2.75),
(633, '1601082006', 'CE 4302', 2.75),
(634, '1601082009', 'CE 4302', 2.75),
(635, '1601082015', 'CE 4302', 2),
(636, '1601082017', 'CE 4302', 3),
(637, '1601082018', 'CE 4302', 3.5),
(638, '1601082020', 'CE 4302', 4),
(639, '1601081001', 'CE 4303', 2.5),
(640, '1601081002', 'CE 4303', 2.75),
(641, '1601081003', 'CE 4303', 2.75),
(642, '1601081009', 'CE 4303', 3),
(643, '1601081010', 'CE 4303', 4),
(644, '1601081018', 'CE 4303', 3),
(645, '1601081019', 'CE 4303', 3),
(646, '1601081021', 'CE 4303', 2.75),
(647, '1601081025', 'CE 4303', 2.75),
(648, '1601081026', 'CE 4303', 2.75),
(649, '1601081027', 'CE 4303', 2.75),
(650, '1601081028', 'CE 4303', 3),
(651, '1601081029', 'CE 4303', 2.75),
(652, '1601081032', 'CE 4303', 2.75),
(653, '1601081037', 'CE 4303', 3),
(654, '1601082005', 'CE 4303', 3),
(655, '1601082006', 'CE 4303', 3.5),
(656, '1601082009', 'CE 4303', 2.75),
(657, '1601082015', 'CE 4303', 2.75),
(658, '1601082017', 'CE 4303', 2.75),
(659, '1601082018', 'CE 4303', 2.75),
(660, '1601082020', 'CE 4303', 2.75),
(661, '1601081001', 'CE 4304', 2),
(662, '1601081002', 'CE 4304', 2.75),
(663, '1601081003', 'CE 4304', 2),
(664, '1601081009', 'CE 4304', 2),
(665, '1601081010', 'CE 4304', 4),
(666, '1601081018', 'CE 4304', 2.75),
(667, '1601081019', 'CE 4304', 3.5),
(668, '1601081021', 'CE 4304', 4),
(669, '1601081025', 'CE 4304', 2.75),
(670, '1601081026', 'CE 4304', 2.75),
(671, '1601081027', 'CE 4304', 2.75),
(672, '1601081028', 'CE 4304', 3),
(673, '1601081029', 'CE 4304', 2.75),
(674, '1601081032', 'CE 4304', 2.75),
(675, '1601081037', 'CE 4304', 2.5),
(676, '1601082005', 'CE 4304', 2.75),
(677, '1601082006', 'CE 4304', 3),
(678, '1601082009', 'CE 4304', 4),
(679, '1601082015', 'CE 4304', 2),
(680, '1601082017', 'CE 4304', 2),
(681, '1601082018', 'CE 4304', 2.75),
(682, '1601082020', 'CE 4304', 2.75),
(683, '1601081001', 'CE 4305', 2),
(684, '1601081002', 'CE 4305', 3.5),
(685, '1601081003', 'CE 4305', 2),
(686, '1601081009', 'CE 4305', 3),
(687, '1601081010', 'CE 4305', 4),
(688, '1601081018', 'CE 4305', 4),
(689, '1601081019', 'CE 4305', 4),
(690, '1601081021', 'CE 4305', 4),
(691, '1601081025', 'CE 4305', 4),
(692, '1601081026', 'CE 4305', 4),
(693, '1601081027', 'CE 4305', 4),
(694, '1601081028', 'CE 4305', 3.75),
(695, '1601081029', 'CE 4305', 3.75),
(696, '1601081032', 'CE 4305', 3.5),
(697, '1601081037', 'CE 4305', 3.75),
(698, '1601082005', 'CE 4305', 3.5),
(699, '1601082006', 'CE 4305', 4),
(700, '1601082009', 'CE 4305', 4),
(701, '1601082015', 'CE 4305', 4),
(702, '1601082017', 'CE 4305', 4),
(703, '1601082018', 'CE 4305', 3.5),
(704, '1601082020', 'CE 4305', 3.75),
(705, '1601081001', 'CE 4401', 2.75),
(706, '1601081002', 'CE 4401', 2.75),
(707, '1601081003', 'CE 4401', 2.5),
(708, '1601081009', 'CE 4401', 2.75),
(709, '1601081010', 'CE 4401', 3),
(710, '1601081018', 'CE 4401', 2.5),
(711, '1601081019', 'CE 4401', 2.5),
(712, '1601081021', 'CE 4401', 2.5),
(713, '1601081025', 'CE 4401', 2.75),
(714, '1601081026', 'CE 4401', 2.75),
(715, '1601081027', 'CE 4401', 4),
(716, '1601081028', 'CE 4401', 2.75),
(717, '1601081029', 'CE 4401', 2.75),
(718, '1601081032', 'CE 4401', 2.5),
(719, '1601081037', 'CE 4401', 2.75),
(720, '1601082005', 'CE 4401', 2.75),
(721, '1601082006', 'CE 4401', 4),
(722, '1601082009', 'CE 4401', 2.75),
(723, '1601082015', 'CE 4401', 2.75),
(724, '1601082017', 'CE 4401', 2.75),
(725, '1601082018', 'CE 4401', 2.5),
(726, '1601082020', 'CE 4401', 2.75),
(727, '1601081001', 'CE 4402', 2.5),
(728, '1601081002', 'CE 4402', 3),
(729, '1601081003', 'CE 4402', 1),
(730, '1601081009', 'CE 4402', 4),
(731, '1601081010', 'CE 4402', 4),
(732, '1601081018', 'CE 4402', 3.5),
(733, '1601081019', 'CE 4402', 4),
(734, '1601081021', 'CE 4402', 4),
(735, '1601081025', 'CE 4402', 4),
(736, '1601081026', 'CE 4402', 4),
(737, '1601081027', 'CE 4402', 3.5),
(738, '1601081028', 'CE 4402', 4),
(739, '1601081029', 'CE 4402', 3),
(740, '1601081032', 'CE 4402', 3.75),
(741, '1601081037', 'CE 4402', 3.75),
(742, '1601082005', 'CE 4402', 3.5),
(743, '1601082006', 'CE 4402', 3.75),
(744, '1601082009', 'CE 4402', 4),
(745, '1601082015', 'CE 4402', 2.75),
(746, '1601082017', 'CE 4402', 3.75),
(747, '1601082018', 'CE 4402', 3.5),
(748, '1601082020', 'CE 4402', 3.75),
(749, '1601081001', 'CE 4403', 1.75),
(750, '1601081002', 'CE 4403', 2),
(751, '1601081003', 'CE 4403', 2),
(752, '1601081009', 'CE 4403', 2),
(753, '1601081010', 'CE 4403', 4),
(754, '1601081018', 'CE 4403', 2.75),
(755, '1601081019', 'CE 4403', 2.75),
(756, '1601081021', 'CE 4403', 3.5),
(757, '1601081025', 'CE 4403', 3.5),
(758, '1601081026', 'CE 4403', 2),
(759, '1601081027', 'CE 4403', 2.5),
(760, '1601081028', 'CE 4403', 3.5),
(761, '1601081029', 'CE 4403', 2.75),
(762, '1601081032', 'CE 4403', 2),
(763, '1601081037', 'CE 4403', 2),
(764, '1601082005', 'CE 4403', 2),
(765, '1601082006', 'CE 4403', 2),
(766, '1601082009', 'CE 4403', 3),
(767, '1601082015', 'CE 4403', 3),
(768, '1601082017', 'CE 4403', 2),
(769, '1601082018', 'CE 4403', 2.75),
(770, '1601082020', 'CE 4403', 2),
(771, '1601081001', 'CE 4404', 2.5),
(772, '1601081002', 'CE 4404', 3),
(773, '1601081003', 'CE 4404', 2),
(774, '1601081009', 'CE 4404', 3),
(775, '1601081010', 'CE 4404', 4),
(776, '1601081018', 'CE 4404', 3),
(777, '1601081019', 'CE 4404', 3.5),
(778, '1601081021', 'CE 4404', 3.75),
(779, '1601081025', 'CE 4404', 2.75),
(780, '1601081026', 'CE 4404', 2.5),
(781, '1601081027', 'CE 4404', 3.5),
(782, '1601081028', 'CE 4404', 3),
(783, '1601081029', 'CE 4404', 2.5),
(784, '1601081032', 'CE 4404', 2),
(785, '1601081037', 'CE 4404', 3),
(786, '1601082005', 'CE 4404', 2.5),
(787, '1601082006', 'CE 4404', 3.5),
(788, '1601082009', 'CE 4404', 3.5),
(789, '1601082015', 'CE 4404', 2),
(790, '1601082017', 'CE 4404', 2),
(791, '1601082018', 'CE 4404', 2.5),
(792, '1601082020', 'CE 4404', 2.5),
(793, '1601081001', 'CE 4405', 3.75),
(794, '1601081002', 'CE 4405', 4),
(795, '1601081003', 'CE 4405', 3),
(796, '1601081009', 'CE 4405', 3),
(797, '1601081010', 'CE 4405', 2.75),
(798, '1601081018', 'CE 4405', 2.5),
(799, '1601081019', 'CE 4405', 3),
(800, '1601081021', 'CE 4405', 3),
(801, '1601081025', 'CE 4405', 3),
(802, '1601081026', 'CE 4405', 2.5),
(803, '1601081027', 'CE 4405', 2.75),
(804, '1601081028', 'CE 4405', 2.75),
(805, '1601081029', 'CE 4405', 3),
(806, '1601081032', 'CE 4405', 2.75),
(807, '1601081037', 'CE 4405', 2.75),
(808, '1601082005', 'CE 4405', 2.75),
(809, '1601082006', 'CE 4405', 2.75),
(810, '1601082009', 'CE 4405', 2.75),
(811, '1601082015', 'CE 4405', 2.75),
(812, '1601082017', 'CE 4405', 3.5),
(813, '1601082018', 'CE 4405', 3.5),
(814, '1601082020', 'CE 4405', 3.5),
(815, '1601081001', 'CE 4406', 3.5),
(816, '1601081002', 'CE 4406', 3.75),
(817, '1601081003', 'CE 4406', 3.5),
(818, '1601081009', 'CE 4406', 3.5),
(819, '1601081010', 'CE 4406', 3),
(820, '1601081018', 'CE 4406', 2.75),
(821, '1601081019', 'CE 4406', 3.5),
(822, '1601081021', 'CE 4406', 3),
(823, '1601081025', 'CE 4406', 3),
(824, '1601081026', 'CE 4406', 3),
(825, '1601081027', 'CE 4406', 3),
(826, '1601081028', 'CE 4406', 3),
(827, '1601081029', 'CE 4406', 2.75),
(828, '1601081032', 'CE 4406', 3),
(829, '1601081037', 'CE 4406', 3.5),
(830, '1601082005', 'CE 4406', 3),
(831, '1601082006', 'CE 4406', 2.75),
(832, '1601082009', 'CE 4406', 2.75),
(833, '1601082015', 'CE 4406', 3.5),
(834, '1601082017', 'CE 4406', 3.75),
(835, '1601082018', 'CE 4406', 3.75),
(836, '1601082020', 'CE 4406', 3.75),
(837, '1601081001', 'CE 4502', 3.5),
(838, '1601081002', 'CE 4502', 3.5),
(839, '1601081003', 'CE 4502', 2.75),
(840, '1601081009', 'CE 4502', 3.75),
(841, '1601081010', 'CE 4502', 4),
(842, '1601081018', 'CE 4502', 3.75),
(843, '1601081019', 'CE 4502', 3.5),
(844, '1601081021', 'CE 4502', 2.75),
(845, '1601081025', 'CE 4502', 3.5),
(846, '1601081026', 'CE 4502', 3),
(847, '1601081027', 'CE 4502', 2.75),
(848, '1601081028', 'CE 4502', 3),
(849, '1601081029', 'CE 4502', 3),
(850, '1601081032', 'CE 4502', 3),
(851, '1601081037', 'CE 4502', 3.5),
(852, '1601082005', 'CE 4502', 3),
(853, '1601082006', 'CE 4502', 3),
(854, '1601082009', 'CE 4502', 3.5),
(855, '1601082015', 'CE 4502', 3.75),
(856, '1601082017', 'CE 4502', 3),
(857, '1601082018', 'CE 4502', 3),
(858, '1601082020', 'CE 4502', 3),
(859, '1601081001', 'CE 4503', 3),
(860, '1601081002', 'CE 4503', 2.75),
(861, '1601081003', 'CE 4503', 2.75),
(862, '1601081009', 'CE 4503', 3),
(863, '1601081010', 'CE 4503', 2.5),
(864, '1601081018', 'CE 4503', 3),
(865, '1601081019', 'CE 4503', 2.5),
(866, '1601081021', 'CE 4503', 2.75),
(867, '1601081025', 'CE 4503', 1.75),
(868, '1601081026', 'CE 4503', 2.75),
(869, '1601081027', 'CE 4503', 3),
(870, '1601081028', 'CE 4503', 2.5),
(871, '1601081029', 'CE 4503', 3),
(872, '1601081032', 'CE 4503', 2.5),
(873, '1601081037', 'CE 4503', 3),
(874, '1601082005', 'CE 4503', 2.75),
(875, '1601082006', 'CE 4503', 3),
(876, '1601082009', 'CE 4503', 2.75),
(877, '1601082015', 'CE 4503', 3),
(878, '1601082017', 'CE 4503', 3),
(879, '1601082018', 'CE 4503', 2.75),
(880, '1601082020', 'CE 4503', 3),
(881, '1601081001', 'CE 4504', 2.75),
(882, '1601081002', 'CE 4504', 3.5),
(883, '1601081003', 'CE 4504', 3),
(884, '1601081009', 'CE 4504', 3),
(885, '1601081010', 'CE 4504', 3),
(886, '1601081018', 'CE 4504', 2.5),
(887, '1601081019', 'CE 4504', 2.75),
(888, '1601081021', 'CE 4504', 2.5),
(889, '1601081025', 'CE 4504', 2.5),
(890, '1601081026', 'CE 4504', 2.75),
(891, '1601081027', 'CE 4504', 2.75),
(892, '1601081028', 'CE 4504', 2.75),
(893, '1601081029', 'CE 4504', 2),
(894, '1601081032', 'CE 4504', 3.5),
(895, '1601081037', 'CE 4504', 2),
(896, '1601082005', 'CE 4504', 2.5),
(897, '1601082006', 'CE 4504', 3),
(898, '1601082009', 'CE 4504', 3.5),
(899, '1601082015', 'CE 4504', 2.75),
(900, '1601082017', 'CE 4504', 2.75),
(901, '1601082018', 'CE 4504', 3),
(902, '1601082020', 'CE 4504', 2.75),
(903, '1601081001', 'CE 4505', 2.75),
(904, '1601081002', 'CE 4505', 3.5),
(905, '1601081003', 'CE 4505', 3),
(906, '1601081009', 'CE 4505', 3),
(907, '1601081010', 'CE 4505', 3),
(908, '1601081018', 'CE 4505', 2.5),
(909, '1601081019', 'CE 4505', 2.75),
(910, '1601081021', 'CE 4505', 2.5),
(911, '1601081025', 'CE 4505', 2.5),
(912, '1601081026', 'CE 4505', 2.75),
(913, '1601081027', 'CE 4505', 2.75),
(914, '1601081028', 'CE 4505', 2.75),
(915, '1601081029', 'CE 4505', 2),
(916, '1601081032', 'CE 4505', 3.5),
(917, '1601081037', 'CE 4505', 2),
(918, '1601082005', 'CE 4505', 2.5),
(919, '1601082006', 'CE 4505', 3),
(920, '1601082009', 'CE 4505', 3.5),
(921, '1601082015', 'CE 4505', 2.75),
(922, '1601082017', 'CE 4505', 2.75),
(923, '1601082018', 'CE 4505', 3),
(924, '1601082020', 'CE 4505', 2.75);

-- --------------------------------------------------------

--
-- Table structure for table `prodi`
--

CREATE TABLE `prodi` (
  `kode_prodi` varchar(10) NOT NULL,
  `prodi` varchar(100) DEFAULT NULL
) ENGINE=InnoDB DEFAULT CHARSET=latin1;

--
-- Dumping data for table `prodi`
--

INSERT INTO `prodi` (`kode_prodi`, `prodi`) VALUES
('MI', 'Manajemen Informatika'),
('TKom', 'Teknik Komputer'),
('TRPL', 'Teknologi Rekayasa Perangkat Lunak');

-- --------------------------------------------------------

--
-- Table structure for table `profil_lulusan`
--

CREATE TABLE `profil_lulusan` (
  `kode_profil` varchar(10) NOT NULL,
  `profil_lulusan` varchar(50) DEFAULT NULL,
  `profil_kode_prodi` varchar(10) DEFAULT NULL
) ENGINE=InnoDB DEFAULT CHARSET=latin1;

--
-- Dumping data for table `profil_lulusan`
--

INSERT INTO `profil_lulusan` (`kode_profil`, `profil_lulusan`, `profil_kode_prodi`) VALUES
('PL01', 'IT Support', 'TKom'),
('PL02', 'Administrasi Jaringan', 'TKom'),
('PL03', 'Computer Application Programmer', 'TKom'),
('PL04', 'IT Entrepreneur', 'TKom');

-- --------------------------------------------------------

--
-- Table structure for table `ratarata`
--

CREATE TABLE `ratarata` (
  `rata_nim` varchar(10) NOT NULL,
  `rata_kode_profil` varchar(10) NOT NULL,
  `rata_rata` float NOT NULL
) ENGINE=InnoDB DEFAULT CHARSET=latin1;

-- --------------------------------------------------------

--
-- Table structure for table `user`
--

CREATE TABLE `user` (
  `username` varchar(20) NOT NULL,
  `password` varchar(50) DEFAULT NULL,
  `nama` varchar(100) DEFAULT NULL,
  `role` int(11) DEFAULT NULL,
  `user_kode_prodi` varchar(10) DEFAULT NULL
) ENGINE=InnoDB DEFAULT CHARSET=latin1;

--
-- Indexes for dumped tables
--

--
-- Indexes for table `angkatan`
--
ALTER TABLE `angkatan`
  ADD PRIMARY KEY (`id_angkatan`);

--
-- Indexes for table `detail_profil_lulusan`
--
ALTER TABLE `detail_profil_lulusan`
  ADD PRIMARY KEY (`id_detail_profil`),
  ADD KEY `detail_profil_lulusan_ibfk_1` (`detail_kode_profil`),
  ADD KEY `detail_profil_lulusan_ibfk_2` (`detail_kode_matakuliah`);

--
-- Indexes for table `mahasiswa`
--
ALTER TABLE `mahasiswa`
  ADD PRIMARY KEY (`nim`),
  ADD KEY `mahasiswa_kode_prodi` (`mahasiswa_kode_prodi`),
  ADD KEY `mahasiswa_id_angkatan` (`mahasiswa_id_angkatan`);

--
-- Indexes for table `mahasiswa2`
--
ALTER TABLE `mahasiswa2`
  ADD PRIMARY KEY (`nim`);

--
-- Indexes for table `matakuliah`
--
ALTER TABLE `matakuliah`
  ADD PRIMARY KEY (`kode_matakuliah`);

--
-- Indexes for table `matakuliah2`
--
ALTER TABLE `matakuliah2`
  ADD PRIMARY KEY (`kode_matakuliah`);

--
-- Indexes for table `nilai`
--
ALTER TABLE `nilai`
  ADD PRIMARY KEY (`id_nilai`);

--
-- Indexes for table `nilai_mahasiswa`
--
ALTER TABLE `nilai_mahasiswa`
  ADD PRIMARY KEY (`id_nilai`),
  ADD KEY `nilai_kode_matakuliah` (`nilai_kode_matakuliah`) USING BTREE,
  ADD KEY `nilai_mahasiswa_ibfk_1` (`nilai_nim`);

--
-- Indexes for table `prodi`
--
ALTER TABLE `prodi`
  ADD PRIMARY KEY (`kode_prodi`);

--
-- Indexes for table `profil_lulusan`
--
ALTER TABLE `profil_lulusan`
  ADD PRIMARY KEY (`kode_profil`),
  ADD KEY `profil_kode_prodi` (`profil_kode_prodi`);

--
-- Indexes for table `user`
--
ALTER TABLE `user`
  ADD PRIMARY KEY (`username`),
  ADD KEY `user_kode_prodi` (`user_kode_prodi`);

--
-- AUTO_INCREMENT for dumped tables
--

--
-- AUTO_INCREMENT for table `angkatan`
--
ALTER TABLE `angkatan`
  MODIFY `id_angkatan` int(11) NOT NULL AUTO_INCREMENT, AUTO_INCREMENT=4;

--
-- AUTO_INCREMENT for table `detail_profil_lulusan`
--
ALTER TABLE `detail_profil_lulusan`
  MODIFY `id_detail_profil` int(11) NOT NULL AUTO_INCREMENT, AUTO_INCREMENT=118;

--
-- AUTO_INCREMENT for table `nilai`
--
ALTER TABLE `nilai`
  MODIFY `id_nilai` int(11) NOT NULL AUTO_INCREMENT, AUTO_INCREMENT=927;

--
-- AUTO_INCREMENT for table `nilai_mahasiswa`
--
ALTER TABLE `nilai_mahasiswa`
  MODIFY `id_nilai` int(11) NOT NULL AUTO_INCREMENT, AUTO_INCREMENT=925;

--
-- Constraints for dumped tables
--

--
-- Constraints for table `detail_profil_lulusan`
--
ALTER TABLE `detail_profil_lulusan`
  ADD CONSTRAINT `detail_profil_lulusan_ibfk_1` FOREIGN KEY (`detail_kode_profil`) REFERENCES `profil_lulusan` (`kode_profil`),
  ADD CONSTRAINT `detail_profil_lulusan_ibfk_2` FOREIGN KEY (`detail_kode_matakuliah`) REFERENCES `matakuliah2` (`kode_matakuliah`);

--
-- Constraints for table `mahasiswa`
--
ALTER TABLE `mahasiswa`
  ADD CONSTRAINT `mahasiswa_ibfk_1` FOREIGN KEY (`mahasiswa_kode_prodi`) REFERENCES `prodi` (`kode_prodi`),
  ADD CONSTRAINT `mahasiswa_ibfk_2` FOREIGN KEY (`mahasiswa_id_angkatan`) REFERENCES `angkatan` (`id_angkatan`);

--
-- Constraints for table `nilai_mahasiswa`
--
ALTER TABLE `nilai_mahasiswa`
  ADD CONSTRAINT `nilai_mahasiswa_ibfk_1` FOREIGN KEY (`nilai_nim`) REFERENCES `mahasiswa2` (`nim`),
  ADD CONSTRAINT `nilai_mahasiswa_ibfk_2` FOREIGN KEY (`nilai_kode_matakuliah`) REFERENCES `matakuliah2` (`kode_matakuliah`);

--
-- Constraints for table `profil_lulusan`
--
ALTER TABLE `profil_lulusan`
  ADD CONSTRAINT `profil_lulusan_ibfk_1` FOREIGN KEY (`profil_kode_prodi`) REFERENCES `prodi` (`kode_prodi`);

--
-- Constraints for table `user`
--
ALTER TABLE `user`
  ADD CONSTRAINT `user_ibfk_1` FOREIGN KEY (`user_kode_prodi`) REFERENCES `prodi` (`kode_prodi`);
COMMIT;

/*!40101 SET CHARACTER_SET_CLIENT=@OLD_CHARACTER_SET_CLIENT */;
/*!40101 SET CHARACTER_SET_RESULTS=@OLD_CHARACTER_SET_RESULTS */;
/*!40101 SET COLLATION_CONNECTION=@OLD_COLLATION_CONNECTION */;
